,year,artist,song,points
0,2012,Rihanna,Diamonds,4152
1,2012,Miguel,Adorn,4166
2,2012,Alicia Keys Featuring Nicki Minaj,Girl On Fire,4172
3,2012,Frank Ocean,Thinkin Bout You,4188
4,2012,Chris Brown,Don't Judge Me,4245
5,2012,Anita Baker,Lately,4311
6,2012,Ciara,Sorry,4330
7,2012,Avant Featuring KeKe Wyatt,You & I,4345
8,2012,Kelly Rowland Featuring Lil Wayne,Ice,4347
9,2012,Rihanna Featuring A$AP Rocky,Cockiness (Love It),4380
10,2012,Trey Songz Featuring T.I.,2 Reasons,4385
11,2012,Miguel,Do You...,4421
12,2012,The Weeknd,Wicked Games,4422
13,2012,Usher,Dive,4428
14,2012,Jonn Hart Featuring IamSU!,Who Booty,4467
15,2012,Trey Songz,Heart Attack,4497
16,2012,Beyonce,Dance For You,4512
17,2012,Trey Songz,Dive In,4523
18,2012,Brandy Featuring Chris Brown,Put It Down,4592
19,2012,Keyshia Cole Featuring Lil Wayne,Enough Of No Love,4638
20,2012,Charlie Wilson,My Love Is All I Have,4769
21,2012,Frank Ocean,Pyramids,4784
22,2012,Frank Ocean Featuring Earl Sweatshirt,Super Rich Kids,4791
23,2012,Keyshia Cole,Trust And Believe,4804
24,2012,Mary J. Blige,Don't Mind,4826
25,2012,Rihanna Featuring Future,Loveeeeeee Song,4906
26,2012,Rihanna,Pour It Up,4929
27,2012,Ne-Yo Featuring Wiz Khalifa,Don't Make Em Like You,4931
28,2012,Usher Featuring Rick Ross,Lemme See,4976
29,2012,Alicia Keys,Brand New Me,4986
30,2012,CeeLo Green,"Mary, Did You Know?",5005
31,2012,Rihanna Featuring Chris Brown,Nobodys Business,5011
32,2012,Drake,Doing It Wrong,5024
33,2012,Tamar Braxton,Love And War,5063
34,2012,R. Kelly,Feelin' Single,5080
35,2012,Omarion Featuring Rick Ross,Let's Talk,5084
36,2012,Ne-Yo,Lazy Love,5085
37,2012,CeeLo Green,What Christmas Means To Me,5091
38,2012,Nicholas David,What's Going On,5162
39,2012,Trevin Hunte,And I Am Telling You I'm Not Going,5162
40,2012,Rihanna Featuring Eminem,Numb,5167
41,2012,Amanda Brown,(You Make Me Feel Like) A Natural Woman,5168
42,2012,Alicia Keys Duet With Maxwell,Fire We Make,5171
43,2012,Rihanna,Phresh Out The Runway,5172
44,2012,The-Dream Featuring Pusha T,Dope Chick,5172
45,2012,Faith Evans,Tears Of Joy,5172
46,2012,Ne-Yo,Miss Right,5173
47,2012,Omarion & Wale,M.I.A.,5173
48,2012,Trevin Hunte,How Am I Supposed To Live Without You,5174
49,2012,Trevin Hunte,When A Man Loves A Woman,5174
50,2012,Ne-Yo Featuring Fabolous & Diddy,Should Be You,5175
51,2012,The Weeknd,High For This,5175
52,2012,Rihanna,Jump,5176
53,2012,Trevin Hunte,The Greatest Love Of All,5176
54,2013,Robin Thicke Featuring T.I. + Pharrell,Blurred Lines,1534
55,2013,Justin Timberlake Featuring JAY Z,Suit & Tie,1645
56,2013,Ciara,Body Party,2504
57,2013,August Alsina Featuring Trinidad James,I Luv This Sh*t,2746
58,2013,Rihanna,Pour It Up,2753
59,2013,Alicia Keys Duet With Maxwell,Fire We Make,2828
60,2013,Emeli Sande,Next To Me,3064
61,2013,Rihanna,Diamonds,3123
62,2013,Miguel,Adorn,3141
63,2013,K. Michelle,V.S.O.P.,3141
64,2013,Chris Brown Featuring Nicki Minaj,Love More,3218
65,2013,Justin Timberlake,Take Back The Night,3235
66,2013,Alicia Keys Featuring Nicki Minaj,Girl On Fire,3302
67,2013,Anthony Hamilton,Best Of Me,3329
68,2013,Rihanna Featuring Future,Loveeeeeee Song,3332
69,2013,Tamar Braxton,The One,3336
70,2013,Mariah Carey Featuring Miguel,#Beautiful,3341
71,2013,Tamar Braxton,Love And War,3346
72,2013,Robin Thicke Featuring Kendrick Lamar,Give It 2 U,3346
73,2013,Miguel,How Many Drinks?,3347
74,2013,Drake Featuring Majid Jordan,"Hold On, We're Going Home",3359
75,2013,Fantasia,Lose To Win,3360
76,2013,Chris Brown,Fine China,3378
77,2013,Fantasia Featuring Kelly Rowland & Missy Elliott,Without Me,3404
78,2013,Sean Kingston Featuring Chris Brown & Wiz Khalifa,Beat It,3408
79,2013,Kelly Rowland,Kisses Down Low,3465
80,2013,Jaheim,Age Ain't A Factor,3634
81,2013,John Legend,All Of Me,3647
82,2013,Ciara Featuring Nicki Minaj,I'm Out,3684
83,2013,Chris Brown Featuring Aaliyah,Don't Think They Know,3717
84,2013,Mario Featuring Nicki Minaj,Somebody Else,3740
85,2013,Sevyn Streeter Featuring Chris Brown,It Won't Stop,3785
86,2013,R. Kelly Featuring 2 Chainz,My Story,3795
87,2013,Keyshia Cole,Trust And Believe,3863
88,2013,Avant Featuring KeKe Wyatt,You & I,3925
89,2013,Chrisette Michele,A Couple Of Forevers,3975
90,2013,Justin Timberlake,TKO,4008
91,2013,The Weeknd,Wicked Games,4022
92,2013,Tamela Mann,Take Me To The King,4039
93,2013,Alicia Keys,Brand New Me,4045
94,2013,Jonn Hart Featuring IamSU!,Who Booty,4049
95,2013,Miguel,Do You...,4050
96,2013,T-Pain Featuring B.o.B,Up Down (Do This All Day),4056
97,2013,Jeremih Featuring Lil Wayne & Natasha Mosley,All The Time,4063
98,2013,Kelly Rowland,Dirty Laundry,4091
99,2013,Maejor Ali Featuring Juicy J & Justin Bieber,Lolly,4096
100,2013,Frank Ocean,Thinkin Bout You,4112
101,2013,Charlie Wilson,My Love Is All I Have,4155
102,2013,Kat Dahlia,Gangsta,4179
103,2013,Omarion & Wale,M.I.A.,4190
104,2013,Tamar Braxton,All The Way Home,4240
105,2013,Drake,Own It,4250
106,2013,Trey Songz,Fumble,4281
107,2013,Chris Brown,Don't Judge Me,4321
108,2013,B. Smyth Featuring 2 Chainz,Leggo,4328
109,2013,Justin Timberlake,Pusher Love Girl,4331
110,2013,Toni Braxton & Babyface,Hurt You,4347
111,2013,Sevyn Streeter,I Like It,4385
112,2013,Trey Songz,Simply Amazing,4405
113,2013,Faith Evans,Tears Of Joy,4454
114,2013,Emeli Sande,My Kind Of Love,4490
115,2013,Frank Ocean,Pyramids,4551
116,2013,Ray J Featuring Bobby Brackins,I Hit It First,4561
117,2013,Drake,Connect,4582
118,2013,Sebastian Mikael Featuring Wale,Last Night,4599
119,2013,Rihanna Featuring A$AP Rocky,Cockiness (Love It),4609
120,2013,Rihanna Featuring Chris Brown,Nobodys Business,4619
121,2013,Ty Dolla $ign Featuring B.o.B,Paranoid,4653
122,2013,Joe,I'd Rather Have A Love,4703
123,2013,Robin Thicke,For The Rest Of My Life,4715
124,2013,Justin Bieber Featuring Drake,Right Here,4738
125,2013,Tyga & Justin Bieber,Wait For A Minute,4773
126,2013,Janelle Monae Featuring Miguel,PrimeTime,4790
127,2013,John Legend Featuring Rick Ross,Who Do We Think We Are,4792
128,2013,Mack Wilds,Own It,4828
129,2013,Rico Love,They Don't Know,4834
130,2013,Ciara,Sorry,4840
131,2013,The Weeknd Featuring Drake,Live For,4842
132,2013,Eric Benet,News For You,4861
133,2013,Drake,Doing It Wrong,4867
134,2013,Justin Timberlake,Tunnel Vision,4912
135,2013,Frank Ocean Featuring Earl Sweatshirt,Super Rich Kids,4942
136,2013,Justin Timberlake,Don't Hold The Wall,4987
137,2013,Justin Timberlake,That Girl,4991
138,2013,Justin Timberlake,Strawberry Bubblegum,4991
139,2013,Jason Derulo Featuring 2 Chainz,Talk Dirty,4995
140,2013,Anita Baker,Lately,4998
141,2013,Tamar Braxton,Hot Sugar,5009
142,2013,SoMo,Ride,5009
143,2013,Mindless Behavior,Keep Her On The Low,5012
144,2013,R. Kelly,When A Man Lies,5016
145,2013,T.Rone,Hello Love (F.U.),5021
146,2013,Justin Bieber,Recovery,5073
147,2013,Michael Jackson,Thriller,5075
148,2013,Candice Glover,I Am Beautiful,5078
149,2013,Justin Timberlake,Let The Groove Get In,5081
150,2013,Justin Timberlake,Drink You Away,5082
151,2013,Justin Bieber,Bad Day,5082
152,2013,Justin Timberlake,Blue Ocean Floor,5086
153,2013,Justin Timberlake,Spaceship Coupe,5089
154,2014,Pharrell Williams,Happy,1118
155,2014,John Legend,All Of Me,1616
156,2014,Chris Brown Feat. Lil Wayne & Tyga,Loyal,2153
157,2014,Jason Derulo Featuring 2 Chainz,Talk Dirty,2257
158,2014,Tinashe Featuring ScHoolboy Q,2 On,2470
159,2014,Jeremih Featuring YG,Don't Tell 'Em,2645
160,2014,Jason Derulo Featuring Snoop Dogg,Wiggle,2755
161,2014,Beyonce,Partition,2825
162,2014,Trey Songz,Na Na,2830
163,2014,Beyonce Featuring Jay Z,Drunk In Love,2869
164,2014,Ty Dolla $ign Featuring Wiz Khalifa & DJ Mustard,Or Nah,2930
165,2014,Chris Brown Featuring Usher & Rick Ross,New Flame,2974
166,2014,Beyonce Featuring Nicki Minaj Or Chimamanda Ngozi Adichie,***Flawless,2974
167,2014,Jhene Aiko,The Worst,3021
168,2014,Trey Songz Featuring Nicki Minaj,"Touchin, Lovin",3090
169,2014,T-Pain Featuring B.o.B,Up Down (Do This All Day),3117
170,2014,Pharrell Williams,Come Get It Bae,3160
171,2014,SoMo,Ride,3172
172,2014,Ty Dolla $ign Featuring B.o.B,Paranoid,3238
173,2014,Aloe Blacc,The Man,3378
174,2014,Michael Jackson & Justin Timberlake,Love Never Felt So Good,3381
175,2014,Beyonce,XO,3435
176,2014,John Legend,You & I (Nobody In The World),3445
177,2014,Justin Bieber Featuring Chance The Rapper,Confident,3449
178,2014,Usher,Good Kisser,3460
179,2014,Adrian Marcel Featuring Sage The Gemini,2AM.,3473
180,2014,Trey Songz,Foreign,3485
181,2014,"DJ Khaled Featuring Chris Brown, August Alsina, Future & Jeremih",Hold You Down,3559
182,2014,The Weeknd,Often,3579
183,2014,Bando Jonez,Sex You,3635
184,2014,Beyonce,Pretty Hurts,3645
185,2014,Wiz Khalifa,Promises,3693
186,2014,K. Michelle,Can't Raise A Man,3739
187,2014,Usher Featuring Nicki Minaj,She Came To Give It To You,3763
188,2014,Rico Love,They Don't Know,3802
189,2014,PARTYNEXTDOOR Featuring Drake,Recognize,3804
190,2014,August Alsina,No Love,3882
191,2014,I LOVE MAKONNEN Featuring Drake,Tuesday,3916
192,2014,August Alsina Featuring B.o.B & Yo Gotti,Numb,3958
193,2014,Trey Songz,SmartPhones,4002
194,2014,Tamar Braxton,All The Way Home,4124
195,2014,Sevyn Streeter Featuring Chris Brown,It Won't Stop,4134
196,2014,Chris Brown Featuring Jhene Aiko,Drunk Texting,4191
197,2014,Tinashe Featuring A$AP Rocky,Pretend,4233
198,2014,Teyana Taylor Featuring Pusha T & Yo Gotti,Maybe,4233
199,2014,Drake Featuring Majid Jordan,"Hold On, We're Going Home",4280
200,2014,Ne-Yo Featuring Juicy J,She Knows,4281
201,2014,Sevyn Streeter,nEXt,4282
202,2014,Chris Brown,X,4362
203,2014,Janelle Monae Featuring Miguel,PrimeTime,4382
204,2014,Ne-Yo Featuring Jeezy,Money Can't Buy,4384
205,2014,Robin Thicke,For The Rest Of My Life,4387
206,2014,Robin Thicke,Get Her Back,4445
207,2014,Trey Songz,What's Best For You,4471
208,2014,Tamar Braxton Featuring Future,Let Me Know,4473
209,2014,Toni Braxton & Babyface,Hurt You,4476
210,2014,Robin Thicke Featuring T.I. + Pharrell,Blurred Lines,4480
211,2014,August Alsina Featuring Jeezy,Make It Home,4481
212,2014,Jasmine V Featuring Kendrick Lamar,That's Me Right There,4483
213,2014,Mary J. Blige,Whole Damn Year,4589
214,2014,Mariah Carey,You're Mine (Eternal),4617
215,2014,Kem,It's You,4621
216,2014,Justin Timberlake,TKO,4639
217,2014,Beyonce Featuring Drake,Mine,4667
218,2014,August Alsina Featuring Rich Homie Quan Or Yo Gotti,Ghetto,4695
219,2014,Usher Featuring Juicy J,I Don't Mind,4698
220,2014,Maejor Ali Featuring Juicy J & Justin Bieber,Lolly,4699
221,2014,Ledisi,I Blame You,4705
222,2014,Chris Brown Featuring Akon,Came To Do,4705
223,2014,August Alsina Featuring Trinidad James,I Luv This Sh*t,4709
224,2014,R. Kelly Featuring 2 Chainz,My Story,4761
225,2014,Mack Wilds,Own It,4764
226,2014,Chris Brown Featuring Nicki Minaj,Love More,4771
227,2014,AverySunshine,Call My Name,4778
228,2014,K. Michelle,Love 'Em All,4841
229,2014,Chris Brown Featuring Kendrick Lamar,Autumn Leaves,4850
230,2014,"George Tandy, Jr.",March,4854
231,2014,Tyga & Justin Bieber,Wait For A Minute,4854
232,2014,Michael Jackson,Slave To The Rhythm,4914
233,2014,Beyonce,7/11,4954
234,2014,Omarion Featuring Chris Brown & Jhene Aiko,Post To Be,4994
235,2014,Kevin Ross,This Is My Wish,5005
236,2014,Alicia Keys Featuring Kendrick Lamar,It's On Again,5012
237,2014,Childish Gambino,Sober,5018
238,2014,Beyonce,Ring Off,5083
239,2014,Jhene Aiko Featuring Cocaine 80s,To Love & Die,5093
240,2014,Michael Jackson,Chicago,5095
241,2014,Chris Brown Featuring Trey Songz,Songs On 12 Play,5097
242,2014,Michael Jackson,Loving You,5098
243,2014,Michael Jackson,A Place With No Name,5098
244,2014,Tank,You're My Star,5098
245,2014,Jhene Aiko,The Pressure,5098
246,2014,August Alsina,Kissin' On My Tattoos,5098
247,2014,Mila J Featuring Ty Dolla $ign,My Main,5099
248,2014,Kelly Price,It's My Time,5100
249,2014,Michael Jackson,Thriller,5155
250,2014,Michael Jackson,Billie Jean,5156
251,2014,Tessanne Chin,I Have Nothing,5157
252,2014,Chris Jamison,Sexual Healing,5165
253,2014,Pharrell Williams,Marilyn Monroe,5165
254,2015,Omarion Featuring Chris Brown & Jhene Aiko,Post To Be,1826
255,2015,Jeremih Featuring J. Cole,Planez,2093
256,2015,The Weeknd,Earned It (Fifty Shades Of Grey),2209
257,2015,The Weeknd,The Hills,2375
258,2015,Jidenna Featuring Roman GianArthur,Classic Man,2543
259,2015,Alessia Cara,Here,2665
260,2015,Rihanna,B**** Better Have My Money,2746
261,2015,Natalie La Rose Featuring Jeremih,Somebody,2774
262,2015,The Weeknd,Can't Feel My Face,2789
263,2015,Chris Brown & Tyga,Ayo,2802
264,2015,Trey Songz,Slow Motion,2845
265,2015,Rihanna & Kanye West & Paul McCartney,FourFiveSeconds,3126
266,2015,Janelle Monae & Jidenna,Yoga,3172
267,2015,Bryson Tiller,Don't,3243
268,2015,Beyonce,7/11,3249
269,2015,Miguel,Coffee,3269
270,2015,Tinashe Featuring Iggy Azalea,All Hands On Deck,3304
271,2015,Usher Featuring Juicy J,I Don't Mind,3316
272,2015,Chris Brown,Liquor,3328
273,2015,Janet Featuring J. Cole,No Sleeep,3438
274,2015,Ciara,I Bet,3451
275,2015,Tyrese,Shame,3526
276,2015,A$AP Rocky,L$D,3528
277,2015,Trey Songz,About You,3584
278,2015,Jamie Foxx Featuring Chris Brown,You Changed Me,3597
279,2015,Nelly Featuring Jeremih,The Fix,3691
280,2015,Jeremih,Paradise,3709
281,2015,Ne-Yo Featuring Juicy J,She Knows,3736
282,2015,Omarion Featuring Kid Ink & French Montana,I'm Up,3745
283,2015,Kem,Nobody,3759
284,2015,Kanye West Featuring Paul McCartney,Only One,3768
285,2015,The Weeknd,Tell Your Friends,3817
286,2015,Childish Gambino,Sober,3856
287,2015,The Weeknd,Acquainted,3885
288,2015,Empire Cast Featuring Jussie Smollett,Good Enough,3916
289,2015,The Weeknd Featuring Ed Sheeran,Dark Times,3964
290,2015,Tink,Million,3987
291,2015,Empire Cast Featuring V. Bozeman,What Is Love,4013
292,2015,K. Michelle,Love 'Em All,4070
293,2015,D'Angelo And The Vanguard,Really Love,4152
294,2015,The Weeknd,Real Life,4156
295,2015,I LOVE MAKONNEN Featuring Drake,Tuesday,4188
296,2015,Natalie La Rose Featuring Fetty Wap,Around The World,4202
297,2015,Empire Cast Featuring Jussie Smollett & Yazz,You're So Beautiful,4218
298,2015,Sevyn Streeter Featuring Chris Brown,Don't Kill The Fun,4267
299,2015,D.R.A.M.,Cha Cha,4273
300,2015,Jill Scott,Fool's Gold,4291
301,2015,The Weeknd,In The Night,4294
302,2015,Tamar Braxton Featuring Future,Let Me Know,4305
303,2015,Bryson Tiller,Exchange,4338
304,2015,AverySunshine,Call My Name,4373
305,2015,Empire Cast Featuring Estelle & Jussie Smollett,Conqueror,4402
306,2015,The Weeknd,Often,4419
307,2015,Jodeci,Every Moment,4424
308,2015,The Weeknd Featuring Lana Del Rey,Prisoner,4468
309,2015,Tory Lanez,Say It,4491
310,2015,The Weeknd,Shameless,4494
311,2015,Kirk Franklin,Wanna Be Happy?,4513
312,2015,Empire Cast Featuring Jussie Smollett,Keep Your Money,4588
313,2015,"DJ Khaled Featuring Chris Brown, August Alsina, Future & Jeremih",Hold You Down,4598
314,2015,Tamar Braxton,If I Don't Have You,4610
315,2015,Tinashe Featuring Chris Brown,Player,4623
316,2015,Bryson Tiller,Sorry Not Sorry,4645
317,2015,Teyana Taylor Featuring Pusha T & Yo Gotti,Maybe,4670
318,2015,The Weeknd Featuring Labrinth,Losers,4670
319,2015,PARTYNEXTDOOR Featuring Drake,Recognize,4679
320,2015,The Weeknd,Angel,4684
321,2015,Drake Featuring PARTYNEXTDOOR,Wednesday Night Interlude,4686
322,2015,August Alsina,No Love,4714
323,2015,K. Michelle,Hard To Do,4714
324,2015,JR Castro Featuring Kid Ink & Migos,Get Home,4758
325,2015,Jeremih Featuring YG,Don't Tell 'Em,4765
326,2015,Bryson Tiller,Let 'Em Know,4765
327,2015,"DJ Khaled Featuring Trey Songz, Future & Jeremih",You Mine,4767
328,2015,Wiz Khalifa,Promises,4780
329,2015,Jazmine Sullivan,Let It Burn,4784
330,2015,Monica Featuring Lil Wayne,Just Right For Me,4789
331,2015,"DJ Khaled Featuring Chris Brown, August Alsina & Fetty Wap",Gold Slugs,4828
332,2015,Mariah Carey,Infinity,4829
333,2015,Ciara,Dance Like We're Making Love,4842
334,2015,Bryson Tiller,Been That Way,4844
335,2015,Chris Brown,Back To Sleep,4893
336,2015,Michael Jackson,Thriller,4901
337,2015,The Weeknd,Where You Belong,4913
338,2015,Snoop Dogg Featuring Stevie Wonder,California Roll,4918
339,2015,Chris Brown Featuring Jhene Aiko,Drunk Texting,4933
340,2015,Snakehips Featuring Tinashe & Chance The Rapper,All My Friends,4937
341,2015,Ne-Yo,Religious,4939
342,2015,Mila J Featuring Ty Dolla $ign,My Main,4940
343,2015,Trey Songz,What's Best For You,4940
344,2015,Justin Timberlake,Drink You Away,4970
345,2015,Robin Thicke Featuring Nicki Minaj,Back Together,4998
346,2015,Miguel Featuring Chris Brown & Future,Simple Things,5002
347,2015,Mary J. Blige,Whole Damn Year,5009
348,2015,The Weeknd,As You Are,5011
349,2015,Bryson Tiller,Right My Wrongs,5015
350,2015,Ne-Yo,Coming With You,5019
351,2015,Elijah Blake Featuring DeJ Loaf,I Just Wanna..,5022
352,2015,Tinashe Featuring A$AP Rocky,Pretend,5022
353,2015,Trey Songz Featuring Nicki Minaj,"Touchin, Lovin",5063
354,2016,Rihanna,Needed Me,1392
355,2016,PARTYNEXTDOOR Featuring Drake,Come And See Me,1937
356,2016,Drake Featuring WizKid & Kyla,One Dance,1968
357,2016,Rihanna Featuring Drake,Work,2389
358,2016,Rihanna,Love On The Brain,2421
359,2016,Ro James,Permission,2633
360,2016,Rihanna,Sex With Me,2666
361,2016,Drake,Controlla,2737
362,2016,Beyonce,Formation,2754
363,2016,Jeremih,Oui,2807
364,2016,Beyonce,Hold Up,2873
365,2016,Andra Day,Rise Up,2879
366,2016,Tory Lanez,Luv,2965
367,2016,Chris Brown,Grass Ain't Greener,3007
368,2016,Snakehips Featuring Tinashe & Chance The Rapper,All My Friends,3178
369,2016,Rihanna,Desperado,3237
370,2016,Usher Featuring Young Thug,No Limit,3278
371,2016,Beyonce,Sorry,3347
372,2016,"DJ Khaled Featuring Nicki Minaj, Chris Brown, August Alsina, Jeremih, Future & Rick Ross",Do You Mind,3390
373,2016,Drake Featuring PARTYNEXTDOOR,With You,3421
374,2016,Rihanna,Kiss It Better,3431
375,2016,Bryson Tiller,Exchange,3457
376,2016,Chris Brown,Back To Sleep,3469
377,2016,Bryson Tiller,Don't,3491
378,2016,Alessia Cara,Here,3606
379,2016,Dreezy Featuring Jeremih,Body,3624
380,2016,The Weeknd,In The Night,3709
381,2016,Alicia Keys,In Common,3727
382,2016,Bryson Tiller,Sorry Not Sorry,3727
383,2016,Tory Lanez,Say It,3733
384,2016,Mike WiLL Made-It x Rihanna,Nothing Is Promised,3786
385,2016,The Weeknd,The Hills,3790
386,2016,Kehlani,Gangsta,3797
387,2016,The Weeknd,Acquainted,3818
388,2016,The Weeknd Featuring Daft Punk,Starboy,3957
389,2016,Kehlani,CRZY,4039
390,2016,PARTYNEXTDOOR,Not Nice,4107
391,2016,Bryson Tiller,Right My Wrongs,4124
392,2016,Kanye West,Fade,4155
393,2016,Lloyd,Tru,4194
394,2016,Bryson Tiller,Let 'Em Know,4257
395,2016,Maxwell,Lake By The Ocean,4274
396,2016,Rihanna Featuring SZA,Consideration,4281
397,2016,Rihanna,"Yeah, I Said It",4297
398,2016,Ghost Town DJ's,My Boo,4310
399,2016,The Weeknd,False Alarm,4316
400,2016,John Legend,Love Me Now,4330
401,2016,Zendaya Featuring Chris Brown,Something New,4384
402,2016,DJ Mustard Featuring Nicki Minaj & Jeremih,Don't Hurt Me,4466
403,2016,Kirk Franklin,Wanna Be Happy?,4514
404,2016,Nelly Featuring Jeremih,The Fix,4519
405,2016,Ayo Jay,Your Number,4540
406,2016,Beyonce Featuring The Weeknd,6 Inch,4563
407,2016,Solange,Cranes In The Sky,4566
408,2016,Bryson Tiller,Been That Way,4576
409,2016,Tinashe Featuring Chris Brown,Player,4650
410,2016,Mary J. Blige,Thick Of It,4679
411,2016,Bryson Tiller,Rambo,4694
412,2016,Usher Featuring Future,Rivals,4700
413,2016,Bryson Tiller,Overtime,4704
414,2016,Frank Ocean,Ivy,4747
415,2016,Chris Brown Featuring Solo Lucci,Wrist,4756
416,2016,Solange Featuring Sampha,Don't Touch My Hair,4766
417,2016,The Weeknd,Tell Your Friends,4776
418,2016,blackbear,idfc,4777
419,2016,Yuna Featuring Usher,Crush,4789
420,2016,Frank Ocean,Nikes,4825
421,2016,Beyonce Featuring Jack White,Don't Hurt Yourself,4830
422,2016,Bryson Tiller,Let Me Explain,4834
423,2016,Chris Brown,Little More (Royalty),4837
424,2016,Frank Ocean,Pink + White,4838
425,2016,Drake,Summers Over Interlude,4842
426,2016,Tory Lanez,LA Confidential,4842
427,2016,Beyonce,All Night,4845
428,2016,JR Castro Featuring Kid Ink & Migos,Get Home,4850
429,2016,Bruno Mars,24K Magic,4856
430,2016,August Alsina,Song Cry,4864
431,2016,The Weeknd,Can't Feel My Face,4867
432,2016,The Weeknd,Party Monster,4868
433,2016,The Weeknd Featuring Daft Punk,I Feel It Coming,4869
434,2016,Childish Gambino,Me And Your Mama,4912
435,2016,Rihanna,Sledgehammer,4916
436,2016,Frank Ocean,Nights,4919
437,2016,Beyonce Featuring Kendrick Lamar,Freedom,4926
438,2016,Beyonce,Pray You Catch Me,4930
439,2016,Beyonce,Daddy Lessons,4930
440,2016,Rihanna,Same Ol' Mistakes,4935
441,2016,Rihanna,Woo,4937
442,2016,Bryson Tiller,For However Long,4944
443,2016,The Weeknd,Reminder,4975
444,2016,The Weeknd Featuring Kendrick Lamar,Sidewalks,4976
445,2016,Childish Gambino,Redbone,4977
446,2016,The Weeknd,Six Feet Under,4979
447,2016,The Weeknd & Ariana Grande,Die For You,4987
448,2016,The Weeknd,Secrets,4990
449,2016,The Weeknd,True Colors,4993
450,2016,The Weeknd,Rockin',4994
451,2016,The Weeknd Featuring Future,All I Know,4999
452,2016,Bruno Mars,That's What I Like,5002
453,2016,Solange Featuring Lil Wayne,Mad,5010
454,2017,Bruno Mars,That's What I Like,1048
455,2017,Childish Gambino,Redbone,1866
456,2017,Khalid,Young Dumb & Broke,2220
457,2017,blackbear,Do Re Mi,2326
458,2017,The Weeknd,Reminder,2353
459,2017,blackbear,idfc,2388
460,2017,Bruno Mars,Versace On The Floor,2439
461,2017,Khalid,Location,2503
462,2017,SZA,The Weekend,2751
463,2017,DJ Khaled Featuring Rihanna & Bryson Tiller,Wild Thoughts,2792
464,2017,DJ Khaled Featuring Beyonce & JAY Z,Shining,2836
465,2017,"Calvin Harris Featuring Pharrell Williams, Katy Perry & Big Sean",Feels,2843
466,2017,Chris Brown,Privacy,2924
467,2017,Jacquees,B.E.D.,2942
468,2017,Khalid,Saved,3092
469,2017,The Weeknd Featuring Daft Punk,I Feel It Coming,3109
470,2017,Bruno Mars,24K Magic,3117
471,2017,SZA Featuring Travis Scott,Love Galore,3159
472,2017,Calvin Harris Featuring Frank Ocean & Migos,Slide,3165
473,2017,Trey Songz,Nobody Else But You,3232
474,2017,Drake,Passionfruit,3332
475,2017,Russ,Losin Control,3370
476,2017,The Weeknd & Ariana Grande,Die For You,3386
477,2017,Chris Brown Featuring Usher & Gucci Mane,Party,3390
478,2017,SZA,Broken Clocks,3501
479,2017,"Chris Brown Featuring Yo Gotti, A Boogie Wit da Hoodie & Kodak Black",Pills And Automobiles,3595
480,2017,Future Featuring Rihanna,Selfish,3621
481,2017,Calvin Harris Featuring Future & Khalid,Rollin,3624
482,2017,Chris Brown,Questions,3627
483,2017,Rihanna,Love On The Brain,3681
484,2017,XXXTENTACION Featuring Trippie Redd,F**k Love,3750
485,2017,Miguel Featuring Travis Scott,Sky Walker,3773
486,2017,The Weeknd,Party Monster,3801
487,2017,Drake,Teenage Fever,3838
488,2017,Bryson Tiller,Run Me Dry,3863
489,2017,PARTYNEXTDOOR,Not Nice,3871
490,2017,Tank,When We,3908
491,2017,The Weeknd Featuring Daft Punk,Starboy,3972
492,2017,Daniel Caesar Featuring Kali Uchis,Get You,3997
493,2017,DeJ Loaf,No Fear,4068
494,2017,Kehlani,Distraction,4087
495,2017,Drake,Signs,4110
496,2017,Jhene Aiko,While We're Young,4215
497,2017,John Legend,Love Me Now,4302
498,2017,Sevyn Streeter,Before I Do,4305
499,2017,Drake,Blem,4307
500,2017,Bryson Tiller,Somethin Tells Me,4322
501,2017,Kehlani,Gangsta,4340
502,2017,Solange,Cranes In The Sky,4371
503,2017,The Weeknd,Six Feet Under,4401
504,2017,Calvin Harris Featuring Kehlani & Lil Yachty,Faking It,4447
505,2017,Beyonce,All Night,4504
506,2017,Jazmine Sullivan X Bryson Tiller,Insecure,4537
507,2017,The Weeknd Featuring Kendrick Lamar,Sidewalks,4567
508,2017,Drake Featuring Jorja Smith & Black Coffee,Get It Together,4579
509,2017,"Kevin ""Chocolate Droppa"" Hart Featuring Trey Songz",Push It On Me,4592
510,2017,Chris Brown,Tempo,4664
511,2017,Bruno Mars,Chunky,4697
512,2017,G-Eazy & Kehlani,Good Life,4714
513,2017,Lloyd,Tru,4777
514,2017,Jhene Aiko Featuring Swae Lee Or Rae Sremmurd,Sativa,4781
515,2017,The Weeknd,Secrets,4783
516,2017,SZA,Garden (Say It Like That),4789
517,2017,Khalid,8TEEN,4792
518,2017,Drake,Madiba Riddim,4831
519,2017,Drake Featuring Sampha,4422,4834
520,2017,Tory Lanez,Shooters,4851
521,2017,Daniel Caesar Featuring H.E.R.,Best Part,4853
522,2017,Jeremih Featuring Chris Brown & Big Sean,I Think Of You,4855
523,2017,The Weeknd,True Colors,4855
524,2017,Russ,Wife You Up,4858
525,2017,Mary J. Blige,U + Me (Love Lesson),4859
526,2017,Tamar Braxton,My Man,4860
527,2017,"DJ Khaled Featuring Nicki Minaj, Chris Brown, August Alsina, Jeremih, Future & Rick Ross",Do You Mind,4877
528,2017,Rihanna,Sex With Me,4897
529,2017,Jacquees X DeJ Loaf,At The Club,4910
530,2017,XXXTENTACION,Depression & Obsession,4915
531,2017,Drake,Nothings Into Somethings,4925
532,2017,Bryson Tiller,Self-Made,4991
533,2017,XXXTENTACION,Save Me,4999
534,2017,Miguel Featuring J. Cole & Salaam Remi,Come Through And Chill,4999
535,2017,Drake Featuring PARTYNEXTDOOR,Since Way Back,5007
536,2017,Tory Lanez,I Sip,5009
537,2017,Kanye West,Fade,5018
538,2017,Mary J. Blige,Thick Of It,5019
539,2017,Chris Brown,To My Bed,5019
540,2017,Bryson Tiller,Don't Get Too High,5080
541,2017,DJ Khaled & Calvin Harris Featuring Travis Scott & Jeremih,Don't Quit,5081
542,2017,Kehlani,CRZY,5083
543,2017,Frank Ocean,Chanel,5084
544,2017,Miguel,Pineapple Skies,5086
545,2017,Nicki Minaj,Regret In Your Tears,5086
546,2017,SZA Featuring Kendrick Lamar,Doves In The Wind,5087
547,2017,Bryson Tiller,No Longer Friends,5088
548,2017,Bryson Tiller Featuring Young Thug,Get Mine,5088
549,2017,XXXTENTACION,Orlando,5089
550,2017,Leon Bridges,River,5091
551,2017,Keyshia Cole Featuring Remy Ma & French Montana,You,5091
552,2017,"Frank Ocean Featuring JAY Z & Tyler, The Creator",Biking,5092
553,2017,Chris Brown Featuring Jhene Aiko & R. Kelly,Juicy Booty,5093
554,2018,Daniel Caesar Featuring H.E.R.,Best Part,651
555,2018,H.E.R.,Focus,806
556,2018,Queen Naija,Medicine,1723
557,2018,Jhene Aiko Featuring Swae Lee Or Rae Sremmurd,Sativa,2211
558,2018,Ella Mai,Boo'd Up,2528
559,2018,XXXTENTACION,Changes,2710
560,2018,The Weeknd,Call Out My Name,2825
561,2018,Tory Lanez & Rich The Kid,Talk To Me,2955
562,2018,Daniel Caesar Featuring Kali Uchis,Get You,3073
563,2018,Bruno Mars & Cardi B,Finesse,3078
564,2018,Queen Naija,Karma,3078
565,2018,Drake Featuring Michael Jackson,Don't Matter To Me,3088
566,2018,SZA,Broken Clocks,3114
567,2018,Kendrick Lamar & SZA,All The Stars,3146
568,2018,The Weeknd & Kendrick Lamar,Pray For Me,3207
569,2018,Lil Dicky Featuring Chris Brown,Freaky Friday,3212
570,2018,"DJ Khaled Featuring Justin Bieber, Chance The Rapper & Quavo",No Brainer,3235
571,2018,Ella Mai,Trip,3277
572,2018,Jacquees X DeJ Loaf,At The Club,3277
573,2018,Ciara,Level Up,3309
574,2018,Chris Brown,Tempo,3313
575,2018,H.E.R. Featuring Bryson Tiller,Could've Been,3506
576,2018,TK Kravitz Featuring Jacqueez,Ocean,3512
577,2018,Post Malone,Rich & Sad,3611
578,2018,Janelle Monae,I Like That,3720
579,2018,Miguel Featuring J. Cole & Salaam Remi,Come Through And Chill,3759
580,2018,"Khalid, Ty Dolla $ign & 6LACK",OTW,3775
581,2018,Khalid,Better,3874
582,2018,Post Malone Featuring Swae Lee,Spoil My Night,3957
583,2018,Joji,Slow Dancing In The Dark,4016
584,2018,Jhene Aiko,While We're Young,4028
585,2018,Teyana Taylor,Gonna Love Me,4046
586,2018,Toni Braxton,Long As I Live,4072
587,2018,Layton Greene,Roll In Peace,4075
588,2018,Childish Gambino,Summertime Magic,4086
589,2018,Jeremih & Ty Dolla $ign,The Light,4115
590,2018,Summer Walker X Drake,Girls Need Love,4182
591,2018,Tank,When We,4210
592,2018,Ella Mai,Naked,4238
593,2018,Miguel Featuring Travis Scott,Sky Walker,4274
594,2018,XXXTENTACION,I Don't Wanna Do This Anymore,4304
595,2018,The Weeknd,Wasted Times,4314
596,2018,Jacquees,You,4365
597,2018,Queen Naija,Butterflies,4375
598,2018,Travis Scott,Wake Up,4387
599,2018,blackbear,idfc,4408
600,2018,The Weeknd,Try Me,4421
601,2018,Khalid & Kane Brown,Saturday Nights,4465
602,2018,Khalid & Swae Lee,The Ways,4465
603,2018,XXXTENTACION x Lil Pump Featuring Maluma & Swae Lee,Arms Around You,4469
604,2018,Tory Lanez,Shooters,4529
605,2018,Childish Gambino,Feels Like Summer,4542
606,2018,Post Malone,Otherside,4566
607,2018,Khalid,Coaster,4635
608,2018,Drake Featuring Static Major & Ty Dolla $ign,After Dark,4640
609,2018,Calvin Harris Featuring Kehlani & Lil Yachty,Faking It,4651
610,2018,Post Malone,Blame It On Me,4652
611,2018,Khalid Featuring Empress Of,Suncity,4662
612,2018,XXXTENTACION Featuring Trippie Redd,F**k Love,4675
613,2018,"XXXTENTACION Featuring Rio Santana, Judah & Carlos Andrez",I Don't Even Speak Spanish LOL,4689
614,2018,Kanye West Featuring PARTYNEXTDOOR,Ghost Town,4725
615,2018,The Weeknd & Ariana Grande,Die For You,4729
616,2018,Jacquees,B.E.D.,4732
617,2018,Ella Mai Featuring Chris Brown,Whatchamacallit,4748
618,2018,Janelle Monae,Make Me Feel,4749
619,2018,Chris Brown,Questions,4749
620,2018,"Chris Brown Featuring Yo Gotti, A Boogie Wit da Hoodie & Kodak Black",Pills And Automobiles,4767
621,2018,"Kali Uchis Featuring Tyler, The Creator & Bootsy Collins",After The Storm,4776
622,2018,SZA,Garden (Say It Like That),4785
623,2018,John Legend Featuring Stevie Wonder,What Christmas Means To Me,4800
624,2018,Drake,Jaded,4802
625,2018,Drake,Summer Games,4808
626,2018,Drake,Finesse,4816
627,2018,The Weeknd Featuring Gesaffelstein,I Was Never There,4828
628,2018,Jorja Smith,I Am,4829
629,2018,The Weeknd Featuring Gesaffelstein,Hurt You,4829
630,2018,6LACK Featuring Future,East Atlanta Love Letter,4831
631,2018,"Calvin Harris Featuring Pharrell Williams, Katy Perry & Big Sean",Feels,4836
632,2018,Mariah Carey,With You,4848
633,2018,Tinashe Featuring Offset,No Drama,4848
634,2018,Tamia,Leave It Smokin',4863
635,2018,Leon Bridges,Beyond,4865
636,2018,Khalid,8TEEN,4866
637,2018,Drake,Peak,4904
638,2018,Drake,Ratchet Happy Birthday,4912
639,2018,The Weeknd,Privilege,4915
640,2018,XXXTENTACION,Before I Close My Eyes,4922
641,2018,Metro Boomin Featuring Swae Lee & WizKid,Borrowed Love,4922
642,2018,XXXTENTACION,"Alone, Part 3",4922
643,2018,Ne-Yo,Good Man,4931
644,2018,Russ,Wife You Up,4932
645,2018,Ella Mai,Shot Clock,4938
646,2018,Khalid,Young Dumb & Broke,4953
647,2018,Lil Wayne Featuring Nicki Minaj,Dark Side Of The Moon,4979
648,2018,The Carters,Friends,4988
649,2018,The Carters,Summer,4991
650,2018,Zacari & Babes Wodumo,Redemption,4996
651,2018,Khalid,Vertigo,4998
652,2018,6LACK,Switch,5007
653,2018,Zacari,Redemption Interlude,5009
654,2019,Joji,Slow Dancing In The Dark,1127
655,2019,Khalid,Talk,1574
656,2019,Ella Mai,Shot Clock,1622
657,2019,Chris Brown Featuring Drake,No Guidance,2474
658,2019,Summer Walker X Drake,Girls Need Love,2526
659,2019,Lizzo,Juice,2649
660,2019,Jhene Aiko,Triggered,2722
661,2019,Khalid & Kane Brown,Saturday Nights,2767
662,2019,DaniLeigh Featuring Chris Brown,Easy,2835
663,2019,"Tyler, The Creator",EARFQUAKE,2857
664,2019,Chris Brown Featuring Gunna,Heat,2892
665,2019,Ali Gatie,It's You,2896
666,2019,Chris Brown,Undecided,2906
667,2019,H.E.R. Featuring Bryson Tiller,Could've Been,2972
668,2019,Travis Scott,Wake Up,2997
669,2019,Kiana Lede,Ex,3051
670,2019,"Layton Greene, Lil Baby, City Girls & PnB Rock",Leave Em Alone,3075
671,2019,Beyonce,Before I Let Go,3117
672,2019,Kehlani Featuring Ty Dolla $ign,Nights Like This,3118
673,2019,Khalid,Better,3158
674,2019,Luh Kel,Wrong,3193
675,2019,Jessie Reyez & JMR Or 6LACK,Imported,3297
676,2019,Queen Naija,Karma,3313
677,2019,Khalid Featuring A Boogie Wit da Hoodie,Right Back,3569
678,2019,DJ Khaled Featuring SZA,Just Us,3570
679,2019,Lizzo,Good As Hell,3571
680,2019,Summer Walker,Playing Games,3616
681,2019,Doja Cat & Tyga,Juicy,3701
682,2019,"DJ Khaled Featuring Meek Mill, J Balvin, Lil Baby & Jeremih",You Stay,3704
683,2019,Nicole Bus,You,3807
684,2019,Kirk Franklin,Love Theory,3849
685,2019,Tory Lanez & Rich The Kid,Talk To Me,3869
686,2019,XXXTENTACION x Lil Pump Featuring Maluma & Swae Lee,Arms Around You,3874
687,2019,Chris Brown Featuring Nicki Minaj & G-Eazy,Wobble Up,4050
688,2019,XXXTENTACION,whoa (mind in awe),4057
689,2019,Jacquees,You,4120
690,2019,LightSkinKeisha & BSmyth,Ride Good,4166
691,2019,Gesaffelstein & The Weeknd,Lost In The Fire,4224
692,2019,Summer Walker & Usher,Come Thru,4265
693,2019,H.E.R. Featuring YG,Slide,4300
694,2019,Summer Walker Featuring Jhene Aiko,I'll Kill You,4301
695,2019,Khalid,My Bad,4355
696,2019,Yella Beezy Featuring Chris Brown,Restroom Occupied,4360
697,2019,Queen Naija,Butterflies,4365
698,2019,"Khalid, Ty Dolla $ign & 6LACK",OTW,4376
699,2019,Alicia Keys Featuring Miguel,Show Me Love,4397
700,2019,Jacquees Featuring Lil Baby,Your Peace,4469
701,2019,Summer Walker Featuring A Boogie Wit da Hoodie,Stretch You Out,4472
702,2019,Teyana Taylor,Gonna Love Me,4507
703,2019,Teyana Taylor Featuring King Combs,How You Want It,4534
704,2019,Khalid With John Mayer,Outta My Head,4564
705,2019,Summer Walker,Body,4578
706,2019,Kaash Paige,Love Songs,4602
707,2019,Mariah Carey,With You,4604
708,2019,Swae Lee Featuring Drake,Won't Be Late,4647
709,2019,"Beyonce, SAINt JHN & Wizkid Featuring Blue Ivy Carter",Brown Skin Girl,4654
710,2019,Ella Mai,Trip,4657
711,2019,Trey Songz Featuring Chris Brown,Chi Chi,4682
712,2019,Ella Mai,Naked,4700
713,2019,Ari Lennox,BMO,4701
714,2019,Tory Lanez & T-Pain,Jerry Sprunger,4705
715,2019,"SZA, The Weeknd & Travis Scott",Power Is Power,4718
716,2019,Summer Walker,Drunk Dialing...LODT,4759
717,2019,Khalid x SAFE,Don't Pretend,4764
718,2019,The Bonfyre,Automatic,4769
719,2019,Jhene Aiko Featuring Big Sean,None Of Your Concern,4814
720,2019,"DJ Khaled Featuring Justin Bieber, Chance The Rapper & Quavo",No Brainer,4815
721,2019,Joji,Sanctuary,4836
722,2019,Summer Walker,Over It,4846
723,2019,Khalid,Up All Night,4846
724,2019,H.E.R.,Hard Place,4850
725,2019,The Weeknd,Heartless,4857
726,2019,Doja Cat,Candy,4887
727,2019,Kanye West,Closed On Sunday,4896
728,2019,"DJ Khaled Featuring Chris Brown, Lil Wayne & Big Sean",Jealous,4902
729,2019,Beyonce,Spirit,4906
730,2019,PARTYNEXTDOOR Featuring Drake,Loyal,4908
731,2019,XXXTENTACION Featuring PnB Rock & Trippie Redd,Bad Vibes Forever,4911
732,2019,NAV Featuring The Weeknd,Price On My Head,4911
733,2019,Khalid,Bad Luck,4914
734,2019,Ciara,Level Up,4918
735,2019,Ty Dolla $ign Featuring J. Cole,Purple Emoji,4918
736,2019,Kehlani Featuring Dom Kennedy,Nunya,4924
737,2019,SiR Featuring Kendrick Lamar,Hair Down,4936
738,2019,Ann Marie Featuring YK Osiris,Secret,4943
739,2019,The Weeknd,Blinding Lights,4963
740,2019,John Legend,Happy Xmas (War Is Over),4991
741,2019,Summer Walker,Potential,5004
742,2019,Summer Walker,Tonight,5010
743,2019,Summer Walker & PARTYNEXTDOOR,Just Might,5012
744,2019,Mahalia Featuring Ella Mai,What You Did,5017
745,2019,Tank,Dirty,5019
746,2019,Melii Featuring A Boogie Wit da Hoodie,HML,5021
747,2019,Khalid Featuring Empress Of,Suncity,5023
748,2019,Drake,Trust Issues,5072
749,2019,"Beyonce, JAY-Z & Childish Gambino Featuring Oumou Sangare",Mood 4 Eva,5075
750,2019,Drake Featuring Michael Jackson,Don't Matter To Me,5076
751,2019,Khalid,Self,5080
752,2019,Tory Lanez Featuring Chris Brown,The Take,5081
753,2019,"Tyler, The Creator","Gone, Gone / Thank You",5083
754,2020,The Weeknd,Blinding Lights,84
755,2020,Jhene Aiko Featuring H.E.R.,B.S.,1418
756,2020,Chris Brown & Young Thug,Go Crazy,2108
757,2020,Doja Cat Featuring Gucci Mane,Like That,2319
758,2020,Chloe X Halle,Do It,2399
759,2020,Doja Cat,Say So,2461
760,2020,Justin Bieber,Yummy,2625
761,2020,Justin Bieber Featuring Quavo,Intentions,2694
762,2020,PARTYNEXTDOOR & Rihanna,Believe It,2765
763,2020,Jhene Aiko,P*$$y Fairy (OTW),2915
764,2020,Ne-Yo & Jeremih,U 2 Luv,2951
765,2020,Kehlani Featuring Tory Lanez,Can I,2998
766,2020,Khalid x Disclosure,Know Your Worth,3046
767,2020,Trey Songz Featuring Summer Walker,Back Home,3068
768,2020,Usher Featuring Ella Mai,Don't Waste My Time,3165
769,2020,Skip Marley & H.E.R.,Slow Down,3214
770,2020,Alicia Keys,Underdog,3307
771,2020,The Weeknd,Heartless,3401
772,2020,H.E.R. Featuring YG,Slide,3467
773,2020,Summer Walker & Usher,Come Thru,3472
774,2020,Tory Lanez Featuring Chris Brown,The Take,3478
775,2020,PARTYNEXTDOOR Featuring Drake,Loyal,3575
776,2020,Queen Naija,Pack Lite,3590
777,2020,Giveon,Like I Want You,3611
778,2020,The Weeknd,After Hours,3637
779,2020,Queen Naija,Butterflies Pt. 2,3648
780,2020,K Camp Featuring Jacquees,What's On Your Mind,3697
781,2020,Trippie Redd & PARTYNEXTDOOR,Excitement!,3703
782,2020,VEDO,You Got It,3792
783,2020,SZA Featuring Ty Dolla $ign,Hit Different,3799
784,2020,Kem,Lie To Me,3937
785,2020,Kehlani,Toxic,4025
786,2020,Mahalia Featuring Ella Mai,What You Did,4045
787,2020,Usher,Bad Habits,4128
788,2020,Snoh Aalegra,I Want You Around,4153
789,2020,Beyonce,Black Parade,4169
790,2020,SZA X Justin Timberlake,The Other Side,4203
791,2020,Doja Cat & Tyga,Juicy,4204
792,2020,Tory Lanez & T-Pain,Jerry Sprunger,4217
793,2020,Rotimi Featuring Wale,In My Bed,4243
794,2020,Ali Gatie,What If I Told You That I Love You,4259
795,2020,Bryson Tiller Featuring Drake,Outta Time,4269
796,2020,DaniLeigh Featuring Chris Brown,Easy,4274
797,2020,Ella Mai,Not Another Love Song,4292
798,2020,Queen Naija Featuring Lil Druk,Lie To Me,4317
799,2020,Khalid,Eleven,4346
800,2020,Lizzo,Good As Hell,4365
801,2020,Jhene Aiko Featuring Mila J,On The Way,4385
802,2020,Yung Bleu Featuring Drake,You're Mines Still,4404
803,2020,Drake,Time Flies,4482
804,2020,H.E.R.,Damage,4493
805,2020,Foushee,Deep End,4504
806,2020,Jhene Aiko Featuring Future & Miguel,Happiness Over Everything (H.O.E.),4526
807,2020,Summer Walker Featuring Jhene Aiko,I'll Kill You,4526
808,2020,"Layton Greene, Lil Baby, City Girls & PnB Rock",Leave Em Alone,4542
809,2020,Brent Faiyaz,Dead Man Walking,4588
810,2020,Kaash Paige,Love Songs,4615
811,2020,Alicia Keys Featuring Miguel,Show Me Love,4659
812,2020,Toni Braxton,Do It,4670
813,2020,Jhene Aiko Featuring Big Sean,None Of Your Concern,4689
814,2020,Brent Faiyaz,Clouded,4699
815,2020,Drake Featuring Chris Brown,Not You Too,4739
816,2020,Doja Cat,Freak,4747
817,2020,Khalid,Up All Night,4759
818,2020,Charlie Wilson,One I Got,4765
819,2020,Snoh Aalegra Featuring Pharrell,Whoa,4778
820,2020,Justin Bieber Featuring Post Malone & Clever,Forever,4812
821,2020,Justin Bieber Featuring Kehlani,Get Me,4832
822,2020,Bryson Tiller,Always Forever,4836
823,2020,John Legend,Conversations In The Dark,4839
824,2020,Kehlani Featuring Keyshia Cole,All Me,4839
825,2020,"Ty Dolla $ign Featuring Kanye West, FKA twigs & Skrillex",Ego Death,4841
826,2020,Lizzo,Cuz I Love You,4842
827,2020,Yella Beezy Featuring Chris Brown,Restroom Occupied,4857
828,2020,Summer Walker,Playing Games,4872
829,2020,August Alsina & Rick Ross,Entanglements,4907
830,2020,Bryson Tiller,Inhale,4908
831,2020,Jazmine Sullivan,Pick Up Your Feelings,4918
832,2020,Doja Cat,Candy,4921
833,2020,Tory Lanez,Temperature Rising,4921
834,2020,Chris Brown Featuring Drake,No Guidance,4956
835,2020,Chris Brown Featuring Gunna,Heat,4968
836,2020,John Legend & Gary Clark Jr.,Wild,4996
837,2020,Jacquees & Chris Brown,Put In Work,4997
838,2020,Monica X Lil Baby,Trenches,5000
839,2020,Giveon,Stuck On You,5012
840,2020,Brent Faiyaz,Fuck The World (Summer In London),5019
841,2020,Mariah Carey Featuring Ariana Grande & Jennifer Hudson,Oh Santa!,5061
842,2020,Ty Dolla $ign Featuring Jhene Aiko & Mustard,By Yourself,5071
843,2020,The Weeknd,Alone Again,5072
844,2020,Summer Walker & PARTYNEXTDOOR,My Affection,5073
845,2020,The Weeknd,Scared To Live,5073
846,2020,Summer Walker,Let It Go,5075
847,2020,The Weeknd,Too Late,5077
848,2020,The Weeknd,Snowchild,5077
849,2020,Alicia Keys Featuring Khalid,So Done,5078
850,2020,Bill Withers,Ain't No Sunshine,5079
851,2020,Kehlani Featuring Jhene Aiko,Change Your Life,5079
852,2020,The Weeknd,Escape From LA,5080
853,2020,Kehlani,F&MU,5080
854,2021,Yung Bleu Featuring Drake,You're Mines Still,1540
855,2021,Giveon,Heartbreak Anniversary,2290
856,2021,Giveon,Like I Want You,2295
857,2021,Wizkid Featuring Justin Bieber & Tems,Essence,2384
858,2021,Ella Mai,Not Another Love Song,2493
859,2021,Silk Sonic (Bruno Mars & Anderson .Paak),Leave The Door Open,2586
860,2021,Doja Cat & The Weeknd,You Right,2802
861,2021,Justin Bieber Featuring Daniel Caesar & Giveon,Peaches,2870
862,2021,Doja Cat,Woman,2950
863,2021,Brent Faiyaz,Dead Man Walking,3000
864,2021,T-Pain & Kehlani,I Like Dat,3013
865,2021,H.E.R. Featuring Chris Brown,Come Through,3028
866,2021,Tank,Can't Let It Show,3094
867,2021,"Brent Faiyaz & DJ Dahi Featuring Tyler, The Creator",Gravity,3103
868,2021,Pink Sweat$ Featuring Kehlani,At My Worst,3118
869,2021,Normani Featuring Cardi B,Wild Side,3154
870,2021,Jazmine Sullivan,Pick Up Your Feelings,3166
871,2021,Jazmine Sullivan Featuring H.E.R.,Girl Like Me,3204
872,2021,Ne-Yo & Jeremih,U 2 Luv,3255
873,2021,Doja Cat,Streets,3261
874,2021,SZA,Good Days,3322
875,2021,Giveon,Still Your Best,3347
876,2021,Mooski,Track Star,3347
877,2021,Giveon,Stuck On You,3389
878,2021,Capella Grey,Gyalis,3468
879,2021,Brent Faiyaz Featuring Drake,Wasting Time,3569
880,2021,Chris Brown & Young Thug,Go Crazy,3669
881,2021,Silk Sonic (Bruno Mars & Anderson .Paak),Skate,3685
882,2021,VEDO,You Got It,3779
883,2021,Snoh Aalegra,Lost You,3797
884,2021,Giveon,All To Me,3860
885,2021,Foushee,Deep End,3886
886,2021,Chloe,Have Mercy,3915
887,2021,H.E.R.,Damage,3928
888,2021,D-Nice Featuring Ne-Yo & Kent Jones,No Plans For Love,4065
889,2021,Doja Cat,Been Like This,4082
890,2021,Robin Thicke,Look Easy,4099
891,2021,Ari Lennox,Pressure,4132
892,2021,Jazmine Sullivan Featuring Ari Lennox,On It,4147
893,2021,Usher,Bad Habits,4153
894,2021,The Weeknd,Blinding Lights,4154
895,2021,Leela James,Complicated,4173
896,2021,Doja Cat,Freak,4222
897,2021,Giveon,For Tonight,4239
898,2021,Bryson Tiller Featuring Drake,Outta Time,4267
899,2021,Jam & Lewis x Babyface,He Don't Know Nothin' Bout It,4361
900,2021,"Earth, Wind & Fire Featuring Lucky Daye",You Want My Love,4364
901,2021,Drake,Race My Mind,4428
902,2021,Summer Walker & JT,Ex For A Reason,4431
903,2021,"DJ Khaled Featuring Bryson Tiller, Lil Baby & Roddy Ricch",Body In Motion,4431
904,2021,Doja Cat,Love To Dream,4434
905,2021,Drake Featuring Tems,Fountains,4457
906,2021,Drake Featuring Ty Dolla $ign,Get Along Better,4464
907,2021,Brent Faiyaz,Clouded,4473
908,2021,Anthony Hamilton,You Made A Fool Of Me,4484
909,2021,Kiana Lede & Kehlani,Ur Best Friend,4519
910,2021,Yung Bleu & Kehlani,Beautiful Lies,4520
911,2021,RealestK,WFM,4549
912,2021,Drake,Fucking Fans,4569
913,2021,K Camp Featuring Jacquees,What's On Your Mind,4583
914,2021,H.E.R. Featuring Lil Baby,Find A Way,4595
915,2021,Silk Sonic (Bruno Mars & Anderson .Paak),Smokin Out The Window,4653
916,2021,Summer Walker & SZA,No Love,4685
917,2021,Ty Dolla $ign Featuring Jhene Aiko & Mustard,By Yourself,4702
918,2021,Summer Walker,Insane,4732
919,2021,Summer Walker & Cardi B,Bitter,4735
920,2021,Summer Walker Featuring Lil Durk,Toxic,4748
921,2021,Summer Walker & Ari Lennox,Unloyal,4751
922,2021,Summer Walker,Throw It Away,4754
923,2021,Kali Uchis & PARTYNEXTDOOR Or SZA,Fue Mejor,4756
924,2021,Queen Naija,Pack Lite,4770
925,2021,SZA Featuring Ty Dolla $ign,Hit Different,4778
926,2021,Russ Featuring Capella Grey,Seduce,4820
927,2021,Summer Walker,Reciprocate,4840
928,2021,Summer Walker,Constant Bulls**t,4849
929,2021,Toni Braxton Featuring H.E.R.,Gotta Move On,4851
930,2021,Queen Naija Featuring Lil Druk,Lie To Me,4852
931,2021,Tems Featuring Brent Faiyaz,Found,4857
932,2021,H.E.R.,Every Kind Of Way,4860
933,2021,Jhene Aiko Featuring H.E.R.,B.S.,4864
934,2021,Doja Cat,Imagine,4923
935,2021,Majid Jordan,Waves Of Blue,4930
936,2021,Chloe X Halle,Do It,5000
937,2021,Silk Sonic (Bruno Mars & Anderson .Paak) With Thundercat & Bootsy Collins,After Last Night,5000
938,2021,Queen Naija & Ari Lennox,Set Him Up,5001
939,2021,Khalid,Present,5003
940,2021,Silk Sonic (Bruno Mars & Anderson .Paak),Fly As Me,5008
941,2021,Swae Lee & Jhene Aiko,In The Dark,5013
942,2021,SZA,I Hate U,5053
943,2021,Adele With Erroll Garner,All Night Parking (Interlude),5067
944,2021,Ant Clemons Featuring Justin Timberlake,Better Days,5074
945,2021,DJ Khaled Featuring H.E.R. & Migos,We Going Crazy,5074
946,2021,Mariah Carey Featuring Ariana Grande & Jennifer Hudson,Oh Santa!,5075
947,2021,H.E.R.,We Made It,5077
948,2021,Brent Faiyaz,Mercedes,5078
949,2021,H.E.R. Featuring Yung Bleu,Paradise,5081
950,2021,Mary J. Blige,Good Morning Gorgeous,5082
951,2021,dvsn & Ty Dolla $ign,Memories,5083
952,2021,"DJ Khaled Featuring Bryson Tiller, H.E.R. & Meek Mill",I Can Have It All,5083
953,2021,"dvsn, Ty Dolla $ign & Mac Miller",I Believed It,5084
954,2022,Tems,Free Mind,1124
955,2022,Lizzo,About Damn Time,2473
956,2022,The Weeknd,Out Of Time,2653
957,2022,"Kendrick Lamar, Blxst & Amanda Reifer",Die Hard,2705
958,2022,Summer Walker & SZA,No Love,2760
959,2022,Steve Lacy,Bad Habit,2781
960,2022,Ella Mai,DFMU,2902
961,2022,Yung Bleu & Kehlani,Beautiful Lies,2908
962,2022,Queen Naija & Big Sean,Hate Our Love,2979
963,2022,Silk Sonic (Bruno Mars & Anderson .Paak),Love's Train,3040
964,2022,Mary J. Blige,Good Morning Gorgeous,3062
965,2022,Chris Brown Featuring WizKid,Call Me Everyday,3131
966,2022,Doja Cat,Woman,3197
967,2022,SZA,I Hate U,3197
968,2022,Muni Long,Hrs And Hrs,3199
969,2022,Brent Faiyaz,All Mine,3212
970,2022,The Weeknd,Sacrifice,3213
971,2022,Diddy & Bryson Tiller,Gotta Move On,3223
972,2022,Beyonce,Cuff It,3261
973,2022,Beyonce,Break My Soul,3313
974,2022,Fireboy DML & Ed Sheeran,Peru,3349
975,2022,Lucky Daye,Over,3466
976,2022,The Weeknd & Ariana Grande,Die For You,3521
977,2022,Steve Lacy,Static,3563
978,2022,The Weeknd,Is There Someone Else?,3593
979,2022,Beyonce,Alien Superstar,3614
980,2022,Chris Brown,Under The Influence,3711
981,2022,Ari Lennox,Pressure,3771
982,2022,Chris Brown,WE (Warm Embrace),3797
983,2022,Summer Walker & Ari Lennox,Unloyal,3821
984,2022,Silk Sonic (Bruno Mars & Anderson .Paak),Smokin Out The Window,3878
985,2022,Giveon,Lost Me,3881
986,2022,Muni Long,Time Machine,3888
987,2022,Chris Brown,Iffy,3929
988,2022,Tory Lanez,The Color Violet,3936
989,2022,Ella Mai Featuring Roddy Ricch,How,3968
990,2022,Summer Walker & JT,Ex For A Reason,4005
991,2022,SZA,Awkward,4047
992,2022,Steve Lacy,Dark Red,4074
993,2022,Summer Walker,Insane,4132
994,2022,Beyonce Featuring BEAM,Energy,4236
995,2022,Pharrell Williams,Just A Cloud Away,4316
996,2022,Kehlani Featuring Justin Bieber,Up At Night,4332
997,2022,Montell Fish,Hotel,4342
998,2022,Hotel Ugly,Shut Up My Moms Calling,4370
999,2022,Muni Long,Another,4400
1000,2022,Mariah The Scientist,Spread Thin,4401
1001,2022,Giveon,For Tonight,4415
1002,2022,RealestK,WFM,4445
1003,2022,Beyonce,Church Girl,4454
1004,2022,SZA,Shirt,4490
1005,2022,Rihanna,Lift Me Up,4493
1006,2022,Silk Sonic (Bruno Mars & Anderson .Paak) With Thundercat & Bootsy Collins,After Last Night,4522
1007,2022,Bryson Tiller,Outside,4548
1008,2022,Giveon,Lie Again,4575
1009,2022,Chloe,Have Mercy,4602
1010,2022,Beyonce,I'm That Girl,4637
1011,2022,Beyonce,Cozy,4649
1012,2022,Beyonce,Plastic Off The Sofa,4654
1013,2022,Post Malone With Mark Morrison & Sickick,Cooped Up / Return Of The Mack,4669
1014,2022,"Ronald Isley, Beyonce & The Isley Brothers",Make Me Say It Again Girl,4698
1015,2022,Thundercat,Them Changes,4698
1016,2022,Drake,Falling Back,4713
1017,2022,Beyonce,Heated,4742
1018,2022,Beyonce,Virgo's Groove,4745
1019,2022,H.E.R. Featuring Lil Baby,Find A Way,4775
1020,2022,Tank,I Deserve,4775
1021,2022,H.E.R.,Every Kind Of Way,4789
1022,2022,"The Weeknd Featuring Tyler, The Creator",Here We Go... Again,4826
1023,2022,The Weeknd,Best Friends,4832
1024,2022,Beyonce,Thique,4837
1025,2022,Beyonce Featuring Grace Jones & Tems,Move,4845
1026,2022,Snoh Aalegra,In Your Eyes,4849
1027,2022,Summer Walker Featuring Lil Durk,Toxic,4857
1028,2022,Frank Ocean,Lost,4873
1029,2022,Chloe,Treat Me,4912
1030,2022,Beyonce,Summer Renaissance,4917
1031,2022,The Weeknd Featuring Lil Wayne,I Heard You're Married,4918
1032,2022,BLEU & Nicki Minaj,Love In The Way,4925
1033,2022,Summer Walker & Cardi B,Bitter,4936
1034,2022,Kehlani,Everything,4940
1035,2022,"Metro Boomin, The Weeknd & 21 Savage",Creepin',4956
1036,2022,Wizkid Featuring Justin Bieber & Tems,Essence,4956
1037,2022,Doja Cat & The Weeknd,You Right,4959
1038,2022,Normani Featuring Cardi B,Wild Side,4965
1039,2022,Drake,Texts Go Green,4973
1040,2022,Drake,Calling My Name,4979
1041,2022,Lizzo,Someday At Christmas,4981
1042,2022,Brent Faiyaz,Loose Change,4984
1043,2022,Drake,A Keeper,4988
1044,2022,Chris Brown Featuring Jack Harlow,Psychic,4991
1045,2022,Brent Faiyaz,Price Of Fame,4993
1046,2022,Drake,Flight's Booked,4995
1047,2022,Chris Brown Featuring Lil Baby,Addicted,4997
1048,2022,Steve Lacy,Mercury,4999
1049,2022,Rihanna,Born Again,4999
1050,2022,Khalid,Last Call,5001
1051,2022,The Weeknd,Don't Break My Heart,5003
1052,2022,Beyonce,Pure/Honey,5005
1053,2022,Beyonce Featuring Kendrick Lamar,America Has A Problem,5008
1054,2023,SZA,Kill Bill,2553
1055,2023,"Metro Boomin, The Weeknd & 21 Savage",Creepin',2582
1056,2023,The Weeknd & Ariana Grande,Die For You,2705
1057,2023,SZA,Snooze,2714
1058,2023,Miguel,Sure Thing,2781
1059,2023,Chris Brown,Under The Influence,3332
1060,2023,Lizzo Featuring SZA,Special,3507
1061,2023,SZA,Shirt,3567
1062,2023,SZA,Nobody Gets Me,3614
1063,2023,SZA,Blind,3635
1064,2023,Kali Uchis,Moonlight,3646
1065,2023,SZA,Low,3648
1066,2023,SZA Featuring Phoebe Bridgers,Ghost In The Machine,3706
1067,2023,SZA,Love Language,3722
1068,2023,SZA Featuring Travis Scott,Open Arms,3774
1069,2023,Coco Jones,ICU,3795
1070,2023,Brent Faiyaz,Jackie Brown,3799
1071,2023,Kali Uchis,I Wish You Roses,3799
1072,2023,Beyonce,Cuff It,3905
1073,2023,Doechii Featuring Kodak Black,What It Is (Block Boy),3998
1074,2023,SZA,Seek & Destroy,4038
1075,2023,Ella Mai,This Is,4072
1076,2023,Rihanna,Lift Me Up,4163
1077,2023,"Tyler, The Creator Featuring Kali Uchis",See You Again,4219
1078,2023,PARTYNEXTDOOR,Her Way,4227
1079,2023,Usher,GLU,4242
1080,2023,Justine Skye Featuring Tyga,Collide,4248
1081,2023,The Weeknd Featuring Future,Double Fantasy,4355
1082,2023,Daniel Caesar,Always,4360
1083,2023,Tory Lanez,The Color Violet,4408
1084,2023,Hotel Ugly,Shut Up My Moms Calling,4411
1085,2023,Iniko,Jericho,4435
1086,2023,Summer Walker,Karma,4453
1087,2023,SZA Featuring Don Toliver,Used,4454
1088,2023,Steve Lacy,Bad Habit,4484
1089,2023,Marshmello & Brent Faiyaz,Fell In Love,4586
1090,2023,Steve Lacy,Dark Red,4608
1091,2023,Beyonce Featuring Kendrick Lamar,America Has A Problem,4620
1092,2023,SZA,Special,4694
1093,2023,Tina Turner,What's Love Got To Do With It,4743
1094,2023,SZA,Gone Girl,4858
1095,2023,"The Weeknd, Playboi Carti & Madonna",Popular,4878
1096,2023,Janelle Monae,Lipstick Lover,4932
1097,2023,SZA,SOS,4934
1098,2023,SZA,Notice Me,4942
1099,2023,SZA,Smoking On My Ex Pack,4946
1100,2023,Clara La San,In This Darkness,5019
1101,2023,Rihanna Featuring Jay-Z,Umbrella,5072
1102,2023,Rihanna,Diamonds,5076
1103,2023,"Tyler, The Creator Featuring A$AP Rocky",WHARF TALK,5082
1104,2023,Victoria Monet,On My Mama,5087
1105,2023,Daniel Caesar,Let Me Go,5090
1106,2023,Tank Featuring Chris Brown,See Through Love,5096
1107,2023,Daniel Caesar,Do You Like Me?,5099
1108,2023,Alicia Keys Featuring Khalid & Lucky Daye,Come For Me (Unlocked),5100
1109,2023,Lizzo,Someday At Christmas,5161
1110,2023,Chris Brown,Summer Too Hot,5162
1111,2023,Summer Walker Featuring Childish Gambino,New Type,5165
1112,2023,"The Weeknd, JENNIE & Lily Rose Depp",One Of The Girls,5165
1113,2023,Rihanna,Love On The Brain,5166
1114,2023,Summer Walker,Hardlife,5167
1115,2023,Rihanna,Needed Me,5167
1116,2023,Chloe & Chris Brown,How Does It Feel,5168
1117,2023,Daniel Caesar,Valentina,5168
1118,2023,Rihanna,B**** Better Have My Money,5169
1119,2023,Rihanna Featuring Drake,Work,5170
1120,2023,Rihanna,Rude Boy,5171
1121,2023,Summer Walker,How Does It Feel,5171
1122,2023,Summer Walker,Pull Up,5172
1123,2023,Rihanna,Pour It Up,5172
1124,2023,Summer Walker,Mind Yo Mouth,5173
1125,2023,Fridayy Featuring Chris Brown,Don't Give It Away,5173
1126,2023,Miguel,Give It To Me,5173
1127,2023,Don Toliver Featuring Wizkid,Slow Motion,5173
1128,2023,Janelle Monae,Champagne Shit,5173
1129,2023,Kali Uchis Featuring Don Toliver,Fantasy,5174
1130,2023,6LACK Featuring Don Toliver,Temporary,5174
1131,2023,Mariah Carey,It's A Wrap,5175
1132,2023,SZA,Conceited,5175
1133,2023,Jhene Aiko,Calm & Patient,5175
1134,2023,Don Toliver & Kali Uchis,4 Me,5175
1135,2023,Summer Walker,Finding Peace,5176
1136,2023,Victoria Monet Featuring Buju Banton,Party Girls,5176
1137,2023,Ambre Featuring Jvck James,I'm Baby,5176
