,year,artist,song,points,duration
0,2009,Alice In Chains,Check My Brain,3782,237.906
1,2009,Breaking Benjamin,I Will Not Bow,3785,216.733
2,2009,Three Days Grace,Break,3810,99.213
3,2009,Muse,Uprising,3815,304.84
4,2009,Chevelle,Jars,3830,199.8
5,2009,Pearl Jam,The Fixer,3854,177.56
6,2009,Weezer,(If You're Wondering If I Want You To) I Want You To,3857,208.773
7,2009,Sick Puppies,You're Going Down,3884,187.346
8,2009,Rise Against,Savior,3909,242.28
9,2009,Linkin Park,New Divide,3910,268.613
10,2009,Kings Of Leon,Use Somebody,3925,230.76
11,2009,Creed,Overcome,3951,214.723
12,2009,Shinedown,If You Only Knew,3976,226.64
13,2009,Foo Fighters,Wheels,3981,207.34
14,2009,AFI,Medicate,4057,331.013
15,2009,Phoenix,1901,4066,193.106
16,2009,Cage The Elephant,Back Against The Wall,4121,228.32
17,2009,Death Cab For Cutie,Meet Me On The Equinox,4147,224.133
18,2009,Flyleaf,Again,4166,312.24
19,2009,Five Finger Death Punch,Hard To See,4199,209.493
20,2009,Adelitas Way,Invincible,4231,127.546
21,2009,Dead By Sunrise,Crawl Back In,4244,182.76
22,2009,David Gray,Fugitive,4269,347.911
23,2009,Thirty Seconds To Mars,Kings And Queens,4277,347.666
24,2009,Silversun Pickups,Panic Switch,4291,343.906
25,2009,Skillet,Monster,4306,178.013
26,2009,Green Day,East Jesus Nowhere,4325,274.706
27,2009,Owl City,Fireflies,4373,228.346
28,2009,Paramore,Ignorance,4403,218.626
29,2009,Pearl Jam,Just Breathe,4480,215.853
30,2009,All That Remains,Forever In Your Hands,4486,216.573
31,2009,Slipknot,Snuff,4490,276.146
32,2009,Silversun Pickups,Substitution,4539,181.477
33,2009,Shinedown,Sound Of Madness,4554,233.986
34,2009,Puddle Of Mudd,Spaceship,4571,324.226
35,2009,Ingrid Michaelson,Maybe,4583,170.133
36,2009,Them Crooked Vultures,New Fang,4586,228.639
37,2009,U2,I'll Go Crazy If I Don't Go Crazy Tonight,4594,253.946
38,2009,Dave Matthews Band,Why I Am,4598,233.533
39,2009,The Bravery,Slow Poison,4632,212.24
40,2009,Metallica,"Broken, Beat & Scarred",4650,385.466
41,2009,Cavo,Crash,4656,190.733
42,2009,Nickelback,Burn It To The Ground,4663,212.346
43,2009,Kings Of Leon,Notion,4667,195.12
44,2009,Godsmack,Whiskey Hangover,4669,227.306
45,2009,John Mayer,Who Says,4684,195.613
46,2009,Atreyu,Storm To Pass,4702,227.706
47,2009,Train,"Hey, Soul Sister",4708,216.773
48,2009,Theory Of A Deadman,By The Way,4730,216.933
49,2009,Cage The Elephant,Ain't No Rest For The Wicked,4759,175.493
50,2009,Jet,She's A Genius,4774,178.84
51,2009,Cavo,Champagne,4776,244.0
52,2009,Green Day,21 Guns,4779,321.093
53,2009,The Used,Blood On My Hands,4794,197.866
54,2009,Switchfoot,Mess Of Me,4799,208.013
55,2009,Snow Patrol,Just Say Yes,4805,281.986
56,2009,Franz Ferdinand,No You Girls,4811,223.786
57,2009,Halestorm,I Get Off,4813,183.706
58,2009,Mudvayne,Scream With Me,4825,172.586
59,2009,Norah Jones,Chasing Pirates,4845,160.906
60,2009,Janus,Eyesore,4849,130.044
61,2009,Anberlin,Breaking,4888,196.906
62,2009,Matisyahu,One Day,4948,165.508
63,2009,Buckcherry,Talk To Me,4969,227.705
64,2009,Anberlin,Feel Good Drag,5018,187.853
65,2009,Sick Puppies,Odd One,5023,227.04
66,2009,Kings Of Leon,Crawl,5025,208.96
67,2009,Alice In Chains,Your Decision,5028,283.173
68,2009,The Veer Union,Seasons,5045,256.0
69,2009,Nickelback,Shakin' Hands,5059,219.84
70,2009,Chevelle,Letter From A Thief,5064,207.026
71,2009,Halestorm,It's Not You,5081,174.92
72,2009,Michael Franti & Spearhead,Say Hey (I Love You),5093,235.76
73,2009,KISS,Modern Day Delilah,5099,215.16
74,2009,Metric,Help I'm Alive,5118,286.013
75,2009,Rev Theory,Far From Over,5138,238.973
76,2009,Wilco,You Never Know,5144,231.201
77,2009,Five Finger Death Punch,Walk Away,5144,160.56
78,2009,Red,Forever,5147,232.533
79,2009,Coldplay,Life In Technicolor ii,5198,245.099
80,2009,Manchester Orchestra,Shake It Out,5200,277.72
81,2009,Vampire Weekend,Cousins,5200,177.449
82,2009,Hockey,Too Fake,5200,247.413
83,2009,Metallica,All Nightmare Long,5201,477.013
84,2009,Thousand Foot Krutch,Fire It Up,5201,299.986
85,2009,White Rabbits,Percussion Gun,5201,188.306
86,2010,The Dirty Heads Featuring Rome,Lay Me Down,1186,219.535
87,2010,Rise Against,Savior,1468,242.28
88,2010,Phoenix,Lisztomania,1475,241.64
89,2010,Neon Trees,Animal,2149,212.293
90,2010,Muse,Uprising,2184,304.84
91,2010,Breaking Benjamin,I Will Not Bow,2401,216.733
92,2010,Phoenix,1901,2423,193.106
93,2010,Muse,Resistance,2567,142.668
94,2010,Three Days Grace,The Good Life,2622,173.173
95,2010,Avenged Sevenfold,Nightmare,2712,374.453
96,2010,Alice In Chains,Your Decision,2810,283.173
97,2010,The Black Keys,Tighten Up,2812,211.08
98,2010,Mumford & Sons,Little Lion Man,2881,247.002
99,2010,Shinedown,The Crow & The Butterfly,2935,253.6
100,2010,Weezer,(If You're Wondering If I Want You To) I Want You To,2940,208.773
101,2010,Thirty Seconds To Mars,This Is War,2983,326.983
102,2010,Stone Sour,Say You'll Haunt Me,2985,264.373
103,2010,Cage The Elephant,In One Ear,3264,241.32
104,2010,Disturbed,Another Way To Die,3273,253.386
105,2010,Godsmack,Love-Hate-Sex-Pain,3304,315.453
106,2010,Sick Puppies,Odd One,3325,227.04
107,2010,Three Days Grace,Break,3332,99.213
108,2010,Broken Bells,The High Road,3333,232.2
109,2010,Godsmack,Cryin' Like A Bitch!,3387,201.666
110,2010,Five Finger Death Punch,Bad Company,3403,262.44
111,2010,Papa Roach,Kick In The Teeth,3426,167.289
112,2010,Chevelle,Letter From A Thief,3439,207.026
113,2010,The Temper Trap,Sweet Disposition,3469,230.8
114,2010,Sick Puppies,Maybe,3498,170.133
115,2010,My Darkest Days Featuring Zakk Wylde,Porn Star Dancing,3501,199.013
116,2010,Ozzy Osbourne,Let Me Hear You Scream,3522,205.8
117,2010,Breaking Benjamin,Give Me A Sign (Forever And Ever),3582,226.521
118,2010,Brandon Flowers,Crossfire,3615,192.307
119,2010,Three Days Grace,World So Cold,3632,243.0
120,2010,Crash Kings,Mountain Man,3648,238.426
121,2010,Alice In Chains,Lesson Learned,3653,170.866
122,2010,Anberlin,Impossible,3659,209.44
123,2010,Pearl Jam,Just Breathe,3664,215.853
124,2010,Jimmy Eat World,My Best Theory,3666,203.253
125,2010,Stone Temple Pilots,Between The Lines,3674,155.324
126,2010,Jack Johnson,You And Your Heart,3703,192.853
127,2010,Deftones,Diamond Eyes,3719,188.266
128,2010,Apocalyptica Featuring Gavin Rossdale,End Of Me,3726,170.426
129,2010,Slipknot,Snuff,3741,276.146
130,2010,Finger Eleven,Living In A Dream,3742,184.773
131,2010,Switchfoot,The Sound (John M. Perkins' Blues),3746,226.946
132,2010,10 Years,Shoot It Out,3759,128.182
133,2010,Paramore,Brick By Boring Brick,3794,253.946
134,2010,Drowning Pool,Feel Like I Do,3812,195.136
135,2010,Silversun Pickups,The Royal We,3816,287.24
136,2010,Kings Of Leon,Radioactive,3832,186.813
137,2010,Breaking Benjamin,Lights Out,3838,85.463
138,2010,HellYeah,Hell Of A Time,3850,169.202
139,2010,Bullet For My Valentine,Your Betrayal,3856,291.426
140,2010,Flyleaf,Again,3871,312.24
141,2010,Shinedown,If You Only Knew,3873,226.64
142,2010,Thirty Seconds To Mars,Kings And Queens,3885,347.666
143,2010,Muse,Undisclosed Desires,3896,235.0
144,2010,Civil Twilight,Letters From The Sky,3902,275.04
145,2010,Linkin Park,Waiting For The End,3905,231.68
146,2010,Metric,Gold Guns Girls,3971,245.28
147,2010,Five Finger Death Punch,Walk Away,3972,160.56
148,2010,Shaman's Harvest,Dragonfly,4014,179.173
149,2010,Saving Abel,Stupid Girl (Only In Hollywood),4034,258.64
150,2010,Dave Matthews Band,You And Me,4037,195.493
151,2010,Chevelle,Shameful Metaphors,4047,261.76
152,2010,Halestorm,It's Not You,4070,174.92
153,2010,Saving Abel,The Sex Is Good,4090,211.453
154,2010,Sevendust,Unraveling,4098,279.442
155,2010,Vampire Weekend,Cousins,4100,177.449
156,2010,Arcade Fire,Ready To Start,4108,255.906
157,2010,Mudvayne,Scream With Me,4112,172.586
158,2010,John Mayer,Heartbreak Warfare,4112,269.72
159,2010,Linkin Park,The Catalyst,4118,339.853
160,2010,Ozzy Osbourne,Life Won't Wait,4131,228.04
161,2010,One eskimO,Kandi,4136,230.0
162,2010,Cage The Elephant,Back Against The Wall,4137,228.32
163,2010,Against Me!,I Was A Teenage Anarchist,4172,195.16
164,2010,Thirty Seconds To Mars,Closer To The Edge,4175,273.466
165,2010,Edward Sharpe & The Magnetic Zeros,Home,4181,195.32
166,2010,Buckcherry,All Night Long,4192,260.493
167,2010,Puddle Of Mudd,Stoned,4193,188.29
168,2010,American Bang,Wild And Young,4198,216.026
169,2010,Florence + The Machine,Dog Days Are Over,4214,251.84
170,2010,Skillet,Hero,4279,186.813
171,2010,Michael Franti & Spearhead,The Sound Of Sunshine,4284,225.133
172,2010,Ray Lamontagne And The Pariah Dogs,Beg Steal Or Borrow,4284,272.666
173,2010,Weezer,Memories,4286,189.486
174,2010,Cake,Sick Of You,4291,165.0
175,2010,Sick Puppies,You're Going Down,4302,187.346
176,2010,Jack Johnson,At Or With Me,4303,237.84
177,2010,Pearl Jam,Amongst The Waves,4305,238.88
178,2010,Cavo,Crash,4315,190.733
179,2010,The Smashing Pumpkins,Freak,4323,147.062
180,2010,Them Crooked Vultures,New Fang,4328,228.639
181,2010,Cypress Hill Featuring Tom Morello,Rise Up,4336,253.342
182,2010,Hail the Villain,Take Back The Fear,4344,224.426
183,2010,Puddle Of Mudd,Spaceship,4366,324.226
184,2010,Switchfoot,Mess Of Me,4370,208.013
185,2010,Janus,Eyesore,4371,130.044
186,2011,Foster The People,Pumped Up Kicks,929,239.6
187,2011,Foo Fighters,Rope,1198,259.026
188,2011,Cage The Elephant,Shake Me Down,1468,211.373
189,2011,Seether,Country Song,1703,229.72
190,2011,The Black Keys,Howlin' For You,1818,191.8
191,2011,Mumford & Sons,The Cave,2195,217.984
192,2011,AWOLNATION,Sail,2325,259.093
193,2011,Foo Fighters,Walk,2446,198.44
194,2011,Rise Against,Help Is On The Way,2455,237.48
195,2011,Sixx: A.M.,Lies Of The Beautiful People,2637,238.36
196,2011,Stone Sour,Say You'll Haunt Me,3011,264.373
197,2011,Red Hot Chili Peppers,The Adventures Of Rain Dance Maggie,3025,282.4
198,2011,The Black Keys,Tighten Up,3070,211.08
199,2011,Linkin Park,Waiting For The End,3074,231.68
200,2011,Staind,Not Again,3143,140.92
201,2011,Papa Roach,Burn,3150,268.856
202,2011,Seether,Tonight,3227,200.466
203,2011,Bush,The Sound Of Winter,3253,208.8
204,2011,Avenged Sevenfold,So Far Away,3325,243.573
205,2011,Death Cab For Cutie,You Are A Tourist,3329,286.653
206,2011,Rise Against,Make It Stop (September's Children),3357,234.786
207,2011,Sick Puppies,Rip Tide,3372,204.28
208,2011,Mumford & Sons,Roll Away Your Stone,3429,264.009
209,2011,Incubus,Adolescents,3445,288.84
210,2011,The Airborne Toxic Event,Changing,3479,180.705
211,2011,Florence + The Machine,Dog Days Are Over,3502,251.84
212,2011,Mumford & Sons,Little Lion Man,3513,247.002
213,2011,Coldplay,Every Teardrop Is A Waterfall,3529,240.796
214,2011,Theory Of A Deadman,Lowlife,3563,233.626
215,2011,Blink-182,Up All Night,3565,234.333
216,2011,Sublime With Rome,Panic,3584,237.772
217,2011,Adele,Rolling In The Deep,3616,228.093
218,2011,Young The Giant,Cough Syrup,3652,249.52
219,2011,Evanescence,What You Want,3655,242.946
220,2011,Three Days Grace,Lost In You,3658,101.0
221,2011,Shinedown,Diamond Eyes (Boom-Lay Boom-Lay Boom),3670,336.112
222,2011,Adelitas Way,Sick,3685,312.82
223,2011,Alter Bridge,Ghost Of Days Gone By,3701,265.211
224,2011,Young The Giant,My Body,3703,244.4
225,2011,Disturbed,Warrior,3736,170.066
226,2011,Five Finger Death Punch,Under And Over It,3749,218.133
227,2011,Skillet,Awake And Alive,3758,209.493
228,2011,Incubus,"Promises, Promises",3779,225.84
229,2011,Korn Featuring Skrillex,Get Up!,3786,245.786
230,2011,Pop Evil,Monster You Made,3803,221.68
231,2011,Breaking Benjamin,Blow Me Away,3808,205.68
232,2011,Foster The People,Helena Beat,3834,276.173
233,2011,Hollywood Undead,Hear Me Now,3837,194.84
234,2011,Art Of Dying,Die Trying,3840,153.106
235,2011,The Naked And Famous,Young Blood,3855,246.6
236,2011,Stone Sour,Hesitate,3881,251.279
237,2011,Neon Trees,Animal,3882,212.293
238,2011,10 Years,Fix Me,3882,215.84
239,2011,The Joy Formidable,Whirring,3891,200.049
240,2011,The Head And The Heart,Lost In My Mind,3892,259.12
241,2011,Switchfoot,Dark Horses,3900,238.349
242,2011,311,Sunset In July,3921,236.413
243,2011,Coldplay,Paradise,3937,278.719
244,2011,Adele,Rumour Has It,3947,223.266
245,2011,Redlight King,Old Man,3948,181.386
246,2011,Middle Class Rut,New Low,3975,158.792
247,2011,Hinder,What Ya Gonna Do,3975,246.906
248,2011,Papa Roach,No Matter What,3989,180.546
249,2011,Pop Evil,Last Man Standing,4012,155.221
250,2011,Five Finger Death Punch,Far From Home,4021,212.493
251,2011,Avenged Sevenfold,Welcome To The Family,4031,245.573
252,2011,Jane's Addiction,Irresistible Force,4060,240.748
253,2011,All That Remains,The Last Time,4071,299.08
254,2011,Alter Bridge,Isolation,4076,146.666
255,2011,My Chemical Romance,Sing,4077,182.666
256,2011,Volbeat,Fallen,4103,57.818
257,2011,Nickelback,Bottoms Up,4106,242.013
258,2011,Social Distortion,Machine Gun Blues,4125,213.173
259,2011,Fitz And The Tantrums,Money Grabber,4134,211.216
260,2011,Chevelle,Face To The Floor,4163,218.56
261,2011,Adele,Someone Like You,4170,285.24
262,2011,Sixx: A.M.,This Is Gonna Hurt,4178,236.293
263,2011,All That Remains,Hold On,4187,227.88
264,2011,Grouplove,Colours,4213,182.857
265,2011,Kings Of Leon,Pyro,4221,250.533
266,2011,Cake,Long Time,4223,211.773
267,2011,3 Doors Down,When You're Young,4232,256.013
268,2011,The Decemberists,Down By The Water,4256,178.293
269,2011,Disturbed,The Animal,4261,271.28
270,2011,Muse,Undisclosed Desires,4277,235.0
271,2011,Avenged Sevenfold,Buried Alive,4301,404.386
272,2011,The Strokes,Under Cover Of Darkness,4323,235.546
273,2011,Three Days Grace,World So Cold,4331,243.0
274,2011,Beastie Boys,Make Some Noise,4332,210.36
275,2011,Black Stone Cherry,White Trash Millionaire,4333,158.853
276,2011,Amos Lee,Windows Are Rolled Down,4339,237.226
277,2011,Two Door Cinema Club,What You Know,4346,191.706
278,2011,Foo Fighters,These Days,4355,268.565
279,2011,Volbeat,A Warrior's Call,4357,263.08
280,2011,Theory Of A Deadman,Bitch Came Back,4379,219.36
281,2011,Linkin Park,Iridescent,4392,296.56
282,2011,Florence + The Machine,Shake It Out,4393,277.72
283,2011,A Day To Remember,All I Want,4431,225.786
284,2011,Skillet,It's Not Me It's You,4433,204.786
285,2011,Cage The Elephant,Around My Head,4433,191.6
286,2012,Imagine Dragons,It's Time,1560,237.986
287,2012,Grouplove,Tongue Tied,1622,218.013
288,2012,Of Monsters And Men,Little Talks,1767,266.6
289,2012,M83.,Midnight City,1909,241.44
290,2012,The Black Keys,Gold On The Ceiling,2049,224.333
291,2012,The Lumineers,Ho Hey,2078,163.133
292,2012,Foo Fighters,These Days,2097,268.565
293,2012,fun.,Some Nights,2099,277.04
294,2012,Gotye Featuring Kimbra,Somebody That I Used To Know,2151,244.973
295,2012,Alex Clare,Too Close,2341,259.44
296,2012,fun. Featuring Janelle Monae,We Are Young,2560,250.626
297,2012,The Black Keys,Lonely Boy,2783,193.653
298,2012,Linkin Park,Burn It Down,2899,233.869
299,2012,Passion Pit,Take A Walk,2944,264.493
300,2012,Neon Trees,Everybody Talks,2972,177.28
301,2012,Chevelle,Hats Off To The Bull,3068,235.653
302,2012,Shinedown,Bully,3110,242.746
303,2012,Soundgarden,Live To Rise,3274,280.266
304,2012,The Black Keys,Little Black Submarines,3295,251.266
305,2012,Mumford & Sons,I Will Wait,3358,276.72
306,2012,Chevelle,Face To The Floor,3376,218.56
307,2012,The Offspring,Days Go By,3428,165.0
308,2012,AWOLNATION,Kill Your Heroes,3440,178.84
309,2012,Muse,Madness,3572,281.04
310,2012,Shinedown,Unity,3588,249.285
311,2012,Three Days Grace,Chalk Outline,3618,181.986
312,2012,Seether,No Resolution,3641,188.237
313,2012,Red Hot Chili Peppers,Look Around,3653,441.106
314,2012,Silversun Pickups,Bloody Mary (Nerve Endings),3675,310.546
315,2012,Foster The People,Don't Stop (Color On The Walls),3690,174.92
316,2012,Volbeat,Still Counting,3692,261.812
317,2012,Slash Featuring Myles Kennedy And The Conspirators,You're A Lie,3695,230.653
318,2012,Coldplay,Paradise,3703,278.719
319,2012,Adelitas Way,Criticize,3717,182.16
320,2012,Ed Sheeran,The A Team,3721,258.373
321,2012,Godsmack,Rocky Mountain Way,3725,315.4
322,2012,Five Finger Death Punch,Coming Down,3737,213.893
323,2012,Rise Against,Satellite,3767,218.577
324,2012,Bush,The Sound Of Winter,3768,208.8
325,2012,Foo Fighters,Walk,3775,198.44
326,2012,The Shins,Simple Song,3777,255.4
327,2012,P.O.D.,Lost In Forever (Scream),3784,245.64
328,2012,Halestorm,Love Bites (So Do I),3799,191.333
329,2012,The Dirty Heads,Spread Too Thin,3804,180.575
330,2012,Halestorm,I Miss The Misery,3832,183.506
331,2012,Green Day,Oh Love,3834,147.804
332,2012,Linkin Park,Lost In The Echo,3866,205.12
333,2012,WALK THE MOON,Anna Sun,3878,321.28
334,2012,Theory Of A Deadman,Hurricane,3883,222.533
335,2012,The Killers,Runaways,3890,183.563
336,2012,Alabama Shakes,Hold On,3895,227.88
337,2012,Redlight King,Bullet In My Hand,3895,185.786
338,2012,AWOLNATION,Not Your Fault,3897,242.466
339,2012,Nickelback,This Means War,3901,369.293
340,2012,Five Finger Death Punch,Remember Everything,3905,278.813
341,2012,Staind,Eyes Wide Open,3925,192.72
342,2012,Florence + The Machine,"No Light, No Light",3925,274.853
343,2012,Black Stone Cherry,In My Blood,3957,211.36
344,2012,Phillip Phillips,Home,3960,195.32
345,2012,Pop Evil,Boss's Daughter,3961,205.2
346,2012,Youngblood Hawke,We Come Running,3963,248.6
347,2012,Atlas Genius,Trojans,3996,217.386
348,2012,Young The Giant,Cough Syrup,4013,249.52
349,2012,Foxy Shazam,I Like It,4042,253.39
350,2012,All That Remains,The Waiting One,4053,288.186
351,2012,The Gaslight Anthem,45,4098,250.093
352,2012,Foo Fighters,Bridge Burning,4101,286.466
353,2012,Staind,Now,4108,167.014
354,2012,Imagine Dragons,Radioactive,4110,186.813
355,2012,Coldplay,Charlie Brown,4136,285.159
356,2012,Jack White,Love Interruption,4173,157.973
357,2012,Of Monsters And Men,Mountain Sound,4195,211.453
358,2012,Mumford & Sons,Babel,4199,208.933
359,2012,Rise Against,Wait For Me,4201,210.133
360,2012,Volbeat,A Warrior's Call,4214,263.08
361,2012,Stone Sour,Absolute Zero,4222,229.84
362,2012,Bush,Baby Come Home,4222,188.2
363,2012,Switchfoot,Afterlife,4224,352.426
364,2012,The Lumineers,Stubborn Love,4242,279.0
365,2012,Florence + The Machine,Shake It Out,4262,277.72
366,2012,Adele,Set Fire To The Rain,4280,242.973
367,2012,Mumford & Sons,Whispers In The Dark,4292,204.346
368,2012,Red Hot Chili Peppers,The Adventures Of Rain Dance Maggie,4294,282.4
369,2012,Imagine Dragons,Demons,4299,175.2
370,2012,Train,Drive By,4305,195.973
371,2012,Red Hot Chili Peppers,Monarchy Of Roses,4326,251.8
372,2012,Mayer Hawthorne,The Walk,4330,233.133
373,2012,Seether,Here And Now,4335,171.493
374,2012,Papa Roach,Still Swinging,4352,203.293
375,2012,Mumford & Sons,Holland Road,4356,250.84
376,2012,Mumford & Sons,Lover Of The Light,4360,314.893
377,2012,Korn Featuring Skrillex & Kill The Noise,Narcissistic Cannibal,4360,190.706
378,2012,Seether,Tonight,4364,200.466
379,2012,Imagine Dragons,On Top Of The World,4368,189.84
380,2012,fun.,Carry On,4369,323.0
381,2012,Soundgarden,Been Away Too Long,4370,216.213
382,2012,Dead Sara,Weatherman,4383,219.733
383,2012,The Lumineers,Flowers In Your Hair,4392,109.735
384,2012,Dave Matthews Band,Mercy,4394,208.733
385,2012,Metric,Youth Without Youth,4413,257.333
386,2013,Imagine Dragons,Radioactive,174,186.813
387,2013,Imagine Dragons,Demons,507,175.2
388,2013,AWOLNATION,Sail,703,259.093
389,2013,Capital Cities,Safe And Sound,929,192.789
390,2013,Phillip Phillips,"Gone, Gone, Gone",1071,209.693
391,2013,The Lumineers,Ho Hey,1105,163.133
392,2013,The Neighbourhood,Sweater Weather,1126,240.4
393,2013,Passenger,Let Her Go,2001,252.733
394,2013,Of Monsters And Men,Mountain Sound,2079,211.453
395,2013,Imagine Dragons,It's Time,2223,237.986
396,2013,Paramore,Still Into You,2227,216.013
397,2013,Fitz And The Tantrums,Out Of My League,2407,209.386
398,2013,Fall Out Boy,My Songs Know What You Did In The Dark (Light Em Up),2463,186.826
399,2013,Lorde,Royals,2477,190.185
400,2013,Ed Sheeran,Lego House,2556,185.093
401,2013,Lana Del Rey,Young And Beautiful,2565,236.053
402,2013,Bastille,Pompeii,2591,214.147
403,2013,The Lumineers,Stubborn Love,2821,279.0
404,2013,Imagine Dragons,On Top Of The World,2874,189.84
405,2013,New Politics,Harlem,2965,163.626
406,2013,fun.,Carry On,3006,323.0
407,2013,Walk Off The Earth,Red Hands,3197,180.88
408,2013,Of Monsters And Men,Little Talks,3267,266.6
409,2013,Mumford & Sons,I Will Wait,3332,276.72
410,2013,Lorde,Tennis Court,3387,198.907
411,2013,Panic! At The Disco Featuring Lolo,Miss Jackson,3450,192.053
412,2013,alt-J,Breezeblocks,3488,227.08
413,2013,Avenged Sevenfold,Hail To The King,3507,305.906
414,2013,Muse,Madness,3524,281.04
415,2013,fun.,Some Nights,3567,277.04
416,2013,Grouplove,Ways To Go,3720,215.52
417,2013,Cage The Elephant,Come A Little Closer,3768,229.346
418,2013,Phillip Phillips,Home,3821,195.32
419,2013,Vampire Weekend,Diane Young,3825,160.066
420,2013,Arctic Monkeys,Do I Wanna Know?,3845,272.394
421,2013,Building 429,We Won't Be Shaken,3855,236.546
422,2013,Ed Sheeran,The A Team,3861,258.373
423,2013,Shinedown,I'll Follow You,3871,238.76
424,2013,Fall Out Boy,Alone Together,3878,203.413
425,2013,Passion Pit,Carried Away,3885,202.466
426,2013,Thirty Seconds To Mars,Up In The Air,3904,275.786
427,2013,MS MR,Hurricane,3908,222.533
428,2013,Five Finger Death Punch Featuring Rob Halford,Lift Me Up,3918,196.519
429,2013,Lorde,Team,3920,193.058
430,2013,Tegan And Sara,Closer,3935,244.96
431,2013,Imagine Dragons,Bleeding Out,3940,208.608
432,2013,Ed Sheeran,Give Me Love,3961,526.386
433,2013,Mumford & Sons,Lover Of The Light,3987,314.893
434,2013,John Mayer Featuring Katy Perry,Who You Love,3989,249.933
435,2013,Alex Clare,Too Close,3994,259.44
436,2013,The Mowgli's,San Francisco,4006,173.093
437,2013,Goo Goo Dolls,Rebel Beat,4008,214.72
438,2013,Fall Out Boy,The Phoenix,4037,244.96
439,2013,Passion Pit,Take A Walk,4057,264.493
440,2013,Three Days Grace,The High Road,4067,232.2
441,2013,Lana Del Rey vs. Cedric Gervais,Summertime Sadness,4104,264.773
442,2013,Serena Ryder,Stompa,4105,221.746
443,2013,Empire Of The Sun,Alive,4126,340.907
444,2013,Imagine Dragons,Tiptoe,4127,193.0
445,2013,Family Of The Year,Hero,4130,186.813
446,2013,Black Veil Brides,In The End,4132,216.88
447,2013,Linkin Park,Castle Of Glass,4133,205.4
448,2013,Pearl Jam,Sirens,4137,198.01
449,2013,Muse,Panic Station,4138,184.2
450,2013,American Authors,Best Day Of My Life,4150,194.24
451,2013,Korn,Never Never,4157,221.001
452,2013,Linkin Park X Steve Aoki,A Light That Never Comes,4172,229.439
453,2013,Atlas Genius,Trojans,4194,217.386
454,2013,Lorde,The Love Club,4204,201.433
455,2013,Of Monsters And Men,King & Lionheart,4221,273.853
456,2013,Bon Jovi,Because We Can,4225,240.346
457,2013,Nine Inch Nails,Came Back Haunted,4234,317.266
458,2013,Volbeat,Heaven Nor Hell,4246,322.613
459,2013,Ed Sheeran,Kiss Me,4250,208.68
460,2013,Kings Of Leon,Supersoaker,4280,230.226
461,2013,Tame Impala,Elephant,4281,211.226
462,2013,The Neighbourhood,Afraid,4288,251.186
463,2013,Phoenix,Entertainment,4295,219.973
464,2013,twenty one pilots,Holding On To You,4303,263.733
465,2013,Volbeat,The Hangman's Body Count,4317,315.28
466,2013,The Civil Wars,The One That Got Away,4322,227.333
467,2013,Arcade Fire,Reflektor,4336,450.983
468,2013,Coldplay,Atlas,4344,227.68
469,2013,The Black Keys,Little Black Submarines,4364,251.266
470,2013,Lorde,400 Lux,4365,234.286
471,2013,Of Monsters And Men,Dirty Paws,4398,278.373
472,2013,Paramore,Now,4411,167.014
473,2013,The Killers,Shot At The Night,4415,242.506
474,2013,Lorde,Glory And Gore,4421,210.737
475,2013,The 1975,Chocolate,4426,224.64
476,2013,Lorde,Buzzcut Season,4441,246.755
477,2013,Goo Goo Dolls,Come To Me,4445,225.333
478,2013,Lorde,Ribs,4453,258.969
479,2013,Pearl Jam,Mind Your Manners,4463,196.653
480,2013,Grace Potter & The Nocturnals,Stars,4487,210.626
481,2013,Panic! At The Disco,This Is Gospel,4508,187.186
482,2013,Atlas Genius,If So,4513,180.053
483,2013,Avenged Sevenfold,Carry On,4532,323.0
484,2013,The Fray,Love Don't Die,4541,183.093
485,2013,Pop Evil,Trenches,4557,217.875
486,2014,Bastille,Pompeii,1124,214.147
487,2014,Paramore,Ain't It Fun,1415,296.52
488,2014,Vance Joy,Riptide,1449,204.28
489,2014,KONGOS,Come With Me Now,1465,159.333
490,2014,American Authors,Best Day Of My Life,1607,194.24
491,2014,Lorde,Team,1688,193.058
492,2014,Coldplay,A Sky Full Of Stars,1963,267.866
493,2014,Hozier,Take Me To Church,2286,241.693
494,2014,Milky Chance,Stolen Dance,2628,313.626
495,2014,Coldplay,Magic,2948,164.64
496,2014,Neon Trees,Sleeping With A Friend,2991,228.84
497,2014,The Black Keys,Fever,3021,172.106
498,2014,Lorde,Royals,3044,190.185
499,2014,Fitz And The Tantrums,The Walker,3067,233.133
500,2014,Big Data Featuring Joywave,Dangerous,3069,147.893
501,2014,Arctic Monkeys,Why'd You Only Call Me When You're High?,3081,161.123
502,2014,Bleachers,I Wanna Get Better,3133,204.52
503,2014,alt-J,Left Hand Free,3195,173.63
504,2014,The Pretty Reckless,Heaven Knows,3233,215.76
505,2014,Bastille,Bad Blood,3234,211.933
506,2014,Imagine Dragons,On Top Of The World,3247,189.84
507,2014,Passenger,Let Her Go,3296,252.733
508,2014,Dirty Heads,My Sweet Summer,3296,202.632
509,2014,O.A.R.,Peace,3387,257.962
510,2014,Ingrid Michaelson,Girls Chase Boys,3421,221.413
511,2014,Imagine Dragons,Demons,3430,175.2
512,2014,Imagine Dragons,Radioactive,3566,186.813
513,2014,Tove Lo,Habits (Stay High),3604,209.16
514,2014,NEEDTOBREATHE,Multiplied,3641,275.56
515,2014,Lorde,Tennis Court,3659,198.907
516,2014,Seether,Words As Weapons,3692,240.2
517,2014,George Ezra,Budapest,3694,200.733
518,2014,Bastille,Flaws,3716,218.348
519,2014,Jamie N Commons & X Ambassadors,Jungle,3716,174.192
520,2014,Weezer,Back To The Shack,3727,185.16
521,2014,Arctic Monkeys,Do I Wanna Know?,3731,272.394
522,2014,Foster The People,Coming Of Age,3733,160.266
523,2014,Phantogram,Fall In Love,3750,232.058
524,2014,Fall Out Boy,Centuries,3770,228.36
525,2014,Birdy,Skinny Love,3781,238.52
526,2014,Five Finger Death Punch,Wrong Side Of Heaven,3805,271.0
527,2014,Slipknot,The Devil In I,3867,342.821
528,2014,Lorde,Glory And Gore,3870,210.737
529,2014,American Authors,Believer,3870,204.346
530,2014,Bad Suns,Cardiac Arrest,3895,182.518
531,2014,Kodaline,All I Want,3899,225.786
532,2014,Three Days Grace,Painkiller,3923,179.16
533,2014,WALK THE MOON,Shut Up And Dance,3928,199.08
534,2014,Cherub,Doses & Mimosas,3934,323.253
535,2014,Rise Against,I Don't Want To Be Here Anymore,3936,274.586
536,2014,alt-J,Every Other Freckle,3937,216.004
537,2014,The 1975,Girls,3962,222.374
538,2014,Five Finger Death Punch,House Of The Rising Sun,3997,271.28
539,2014,Jack White,Lazaretto,4019,219.4
540,2014,Linkin Park Featuring Rakim,Guilty All The Same,4026,355.12
541,2014,NONONO,Pumpin Blood,4028,209.485
542,2014,The Fray,Love Don't Die,4037,183.093
543,2014,Hozier,Work Song,4070,229.72
544,2014,Wild Cub,Thunder Clatter,4072,271.441
545,2014,Hozier,From Eden,4080,283.466
546,2014,Imagine Dragons,Warriors,4082,170.066
547,2014,Chevelle,Take Out The Gunman,4088,258.946
548,2014,Pop Evil,Torn To Pieces,4094,196.258
549,2014,MisterWives,Reflections,4102,244.013
550,2014,Young The Giant,It's About Time,4104,175.772
551,2014,Linkin Park,Until It's Gone,4119,233.24
552,2014,Cage The Elephant,Cigarette Daydreams,4125,208.76
553,2014,twenty one pilots,Car Radio,4136,267.72
554,2014,Starset,My Demons,4139,288.036
555,2014,HAIM,Forever,4140,232.533
556,2014,Lorde,Yellow Flicker Beat,4140,232.506
557,2014,Avenged Sevenfold,Shepherd Of Fire,4157,323.8
558,2014,The Black Keys,Gotta Get Away,4165,232.16
559,2014,Arctic Monkeys,R U Mine?,4166,201.726
560,2014,Vampire Weekend,Unbelievers,4169,202.666
561,2014,The 1975,Chocolate,4228,224.64
562,2014,Lorde,Everybody Wants To Rule The World,4233,251.488
563,2014,AWOLNATION,Sail,4241,259.093
564,2014,KONGOS,I'm Only Joking,4256,224.76
565,2014,Avenged Sevenfold,This Means War,4262,369.293
566,2014,Nickelback,Edge Of A Revolution,4316,243.053
567,2014,Nothing More,Ballast,4319,220.413
568,2014,Cage The Elephant,Come A Little Closer,4331,229.346
569,2014,Godsmack,1000hp,4336,226.466
570,2014,Vance Joy,Mess Is Mine,4341,223.64
571,2014,Foo Fighters,Something From Nothing,4348,288.453
572,2014,Birdy,Not About Angels,4361,189.475
573,2014,alt-J,Hunger Of The Pine,4361,299.71
574,2014,The Neighbourhood,Afraid,4367,251.186
575,2014,Bear Hands,Giants,4367,191.72
576,2014,Hozier,Like Real People Do,4370,198.026
577,2014,Nickelback,What Are You Waiting For?,4371,218.906
578,2014,Young The Giant,Mind Over Matter,4381,244.693
579,2014,Soko,We Might Be Dead By Tomorrow,4391,161.413
580,2014,The Neighbourhood,Sweater Weather,4404,240.4
581,2014,Fall Out Boy,Immortals,4405,189.386
582,2014,Capital Cities,Safe And Sound,4422,192.789
583,2014,Three Days Grace,I Am Machine,4455,200.146
584,2014,Fences Featuring Macklemore,Arrows,4461,174.396
585,2014,Fitz And The Tantrums,Fools Gold,4469,210.893
586,2015,WALK THE MOON,Shut Up And Dance,133,199.08
587,2015,Fall Out Boy,Uma Thurman,595,211.573
588,2015,Fall Out Boy,Centuries,1082,228.36
589,2015,X Ambassadors,Renegades,1548,195.2
590,2015,Elle King,Ex's & Oh's,1664,202.173
591,2015,Hozier,Someone New,2011,222.813
592,2015,Andrew McMahon In The Wilderness,Cecilia And The Satellite,2066,223.879
593,2015,George Ezra,Budapest,2104,200.733
594,2015,twenty one pilots,Stressed Out,2110,202.333
595,2015,Hozier,Take Me To Church,2289,241.693
596,2015,Imagine Dragons,Shots,2662,222.133
597,2015,Cold War Kids,First,2706,173.947
598,2015,Fall Out Boy,Irresistible,2829,206.506
599,2015,Mumford & Sons,Believe,2893,204.346
600,2015,twenty one pilots,Tear In My Heart,2899,188.493
601,2015,NEEDTOBREATHE Featuring Gavin DeGraw,Brother,2906,203.186
602,2015,James Bay,Hold Back The River,3049,238.746
603,2015,James Bay,Let It Go,3081,260.533
604,2015,Mumford & Sons,The Wolf,3100,186.945
605,2015,Panic! At The Disco,Hallelujah,3101,413.826
606,2015,Coleman Hell,2 Heads,3128,213.706
607,2015,Shinedown,Cut The Cord,3143,224.596
608,2015,twenty one pilots,Ride,3197,214.506
609,2015,Imagine Dragons,I Bet My Life,3245,192.706
610,2015,Florence + The Machine,Ship To Wreck,3374,234.526
611,2015,Nathaniel Rateliff & The Night Sweats,S.O.B.,3483,247.613
612,2015,BORNS,Electric Love,3524,218.106
613,2015,Five Finger Death Punch,Jekyll And Hyde,3549,206.903
614,2015,Beck,Dreams,3554,257.8
615,2015,Bring Me The Horizon,Throne,3569,191.52
616,2015,Nate Ruess,Nothing Without Love,3588,236.773
617,2015,Vance Joy,Riptide,3593,204.28
618,2015,AWOLNATION,Hollow Moon (Bad Wolf),3633,258.86
619,2015,The Struts,Could Have Been Me,3640,148.732
620,2015,Saint Motel,My Type,3642,204.811
621,2015,Breaking Benjamin,Failure,3647,214.853
622,2015,Florence + The Machine,What Kind Of Man,3651,216.176
623,2015,Of Monsters And Men,Crystals,3667,68.25
624,2015,Muse,Dead Inside,3678,124.968
625,2015,Modest Mouse,Lampshades On Fire,3680,187.72
626,2015,Death Cab For Cutie,Black Sun,3704,289.16
627,2015,Milky Chance,Stolen Dance,3743,313.626
628,2015,Disturbed,The Vengeful One,3772,252.002
629,2015,Fall Out Boy,Immortals,3786,189.386
630,2015,Breaking Benjamin,Angels Fall,3796,228.866
631,2015,Alabama Shakes,Don't Wanna Fight,3800,232.546
632,2015,I Prevail,Blank Space,3803,231.826
633,2015,Zac Brown Band Featuring Chris Cornell,Heavy Is The Head,3813,239.746
634,2015,Pop Evil,Footsteps,3845,306.8
635,2015,twenty one pilots,Fairly Local,3860,207.16
636,2015,AWOLNATION,I Am,3861,183.853
637,2015,Imagine Dragons,Roots,3874,174.506
638,2015,George Ezra,Blame It On Me,3892,162.666
639,2015,twenty one pilots,Lane Boy,3923,253.093
640,2015,Highly Suspect,Lydia,3928,242.56
641,2015,Papa Roach,Gravity,3959,214.692
642,2015,twenty one pilots,Heavydirtysoul,3964,234.813
643,2015,WALK THE MOON,Different Colors,4001,222.053
644,2015,twenty one pilots,The Judge,4035,297.76
645,2015,CHVRCHES,Leave A Trace,4043,237.48
646,2015,Muse,Mercy,4053,208.733
647,2015,twenty one pilots,Polarize,4078,226.786
648,2015,twenty one pilots,Doubt,4080,191.493
649,2015,The Neighbourhood,R.I.P. 2 My Youth,4084,205.28
650,2015,Theory Of A Deadman,Angel,4093,175.802
651,2015,Kid Rock,First Kiss,4096,280.346
652,2015,Foo Fighters,Congregation,4176,311.906
653,2015,Death Cab For Cutie,The Ghosts Of Beverly Drive,4178,243.253
654,2015,Panic! At The Disco,Victorious,4203,178.6
655,2015,Vance Joy,Mess Is Mine,4206,223.64
656,2015,Nothing More,Jenny,4231,236.6
657,2015,Bleachers,Rollercoaster,4264,188.866
658,2015,Cage The Elephant,Cigarette Daydreams,4269,208.76
659,2015,MisterWives,Reflections,4271,244.013
660,2015,American Authors,Go Big Or Go Home,4274,169.026
661,2015,Chris Cornell,Nearly Forgot My Broken Heart,4291,234.426
662,2015,Houndmouth.,Sedona,4315,239.881
663,2015,Milky Chance,Flashed Junk Mind,4327,261.973
664,2015,Vance Joy,Fire And The Flood,4333,249.382
665,2015,Bring Me The Horizon,Drown,4367,209.269
666,2015,Imagine Dragons,I'm So Sorry,4389,202.124
667,2015,The Offspring,Coming For You,4390,70.285
668,2015,Bring Me The Horizon,Happy Song,4409,239.386
669,2015,Hozier,Cherry Wine,4429,173.286
670,2015,Foo Fighters,Something From Nothing,4440,288.453
671,2015,X Ambassadors,Unsteady,4441,193.546
672,2015,Panic! At The Disco,Emperor's New Clothes,4468,158.666
673,2015,Seether,Same Damn Life,4492,199.706
674,2015,Hozier,Work Song,4508,229.72
675,2015,Imagine Dragons,Gold,4521,209.259
676,2015,Fall Out Boy,The Kids Aren't Alright,4534,180.16
677,2015,Hozier,From Eden,4546,283.466
678,2015,The 1975,Love Me,4549,255.053
679,2015,Lorde,Yellow Flicker Beat,4574,232.506
680,2015,Royal Blood,Figure It Out,4597,183.602
681,2015,Coldplay,Adventure Of A Lifetime,4599,263.786
682,2015,Hozier,Angel Of Small Death And The Codeine Scene,4600,219.213
683,2015,Papa Roach,Face Everything And Rise,4611,190.586
684,2015,twenty one pilots,House Of Gold,4626,163.88
685,2015,Foals,Mountain At My Gates,4630,244.293
686,2016,X Ambassadors,Unsteady,427,193.546
687,2016,twenty one pilots,Ride,606,214.506
688,2016,Disturbed,The Sound Of Silence,763,248.466
689,2016,Coldplay,Hymn For The Weekend,807,258.266
690,2016,The Lumineers,Ophelia,1076,160.097
691,2016,twenty one pilots,Stressed Out,1585,202.333
692,2016,Fitz And The Tantrums,HandClap,1829,193.253
693,2016,James Bay,Let It Go,2162,260.533
694,2016,The Lumineers,Cleopatra,2559,201.413
695,2016,KALEO,Way Down We Go,2568,213.706
696,2016,twenty one pilots,Heathens,2662,195.92
697,2016,Panic! At The Disco,Don't Threaten Me With A Good Time,2697,213.093
698,2016,The 1975,The Sound,2705,248.88
699,2016,"Lil Wayne, Wiz Khalifa & Imagine Dragons With Logic & Ty Dolla $ign Feat. X Ambassadors",Sucker For Pain,2832,243.49
700,2016,Coldplay,Adventure Of A Lifetime,2867,263.786
701,2016,Red Hot Chili Peppers,Dark Necessities,2942,302.0
702,2016,Empire Of The Sun,Walking On A Dream,2950,198.44
703,2016,Blink-182,Bored To Death,2965,235.613
704,2016,Bastille,Good Grief,3004,206.493
705,2016,The Strumbellas,Spirits,3045,203.653
706,2016,Ben Rector,Brand New,3099,191.053
707,2016,The 1975,Somebody Else,3147,347.52
708,2016,The Head And The Heart,All We Ever Knew,3178,225.56
709,2016,Bishop Briggs,River,3197,162.973
710,2016,Skillet,Feel Invincible,3236,229.933
711,2016,Cage The Elephant,Trouble,3340,214.798
712,2016,Panic! At The Disco,Death Of A Bachelor,3470,203.506
713,2016,Beck,Wow,3490,149.546
714,2016,Elle King,Ex's & Oh's,3580,202.173
715,2016,Miike Snow,Genghis Khan,3598,212.146
716,2016,Elle King,America's Sweetheart,3612,245.546
717,2016,Green Day,Bang Bang,3698,199.386
718,2016,Grouplove,Welcome To Your Life,3713,227.8
719,2016,Panic! At The Disco,Victorious,3748,178.6
720,2016,Five Finger Death Punch,I Apologize,3765,242.956
721,2016,Phantogram,You Don't Get Me High Anymore,3772,230.513
722,2016,Volbeat,The Devil's Bleeding Crown,3777,238.653
723,2016,Panic! At The Disco,Emperor's New Clothes,3779,158.666
724,2016,Panic! At The Disco,Bohemian Rhapsody,3800,354.32
725,2016,The Struts,Kiss This,3819,173.76
726,2016,Young The Giant,Something To Believe In,3925,228.466
727,2016,Judah & The Lion,Take It All Back,3938,218.355
728,2016,Glass Animals,Life Itself,3940,281.406
729,2016,AWOLNATION,Woman Woman,3969,217.995
730,2016,Kings Of Leon,Waste A Moment,4007,183.093
731,2016,X Ambassadors,Renegades,4009,195.2
732,2016,Metallica,Hardwired,4049,191.331
733,2016,twenty one pilots,Cancer,4074,142.973
734,2016,Shinedown,Asking For It,4083,210.706
735,2016,Nothing But Thieves,Trip Switch,4086,181.146
736,2016,Foals,Mountain At My Gates,4087,244.293
737,2016,The Pretty Reckless,Take Me Down,4094,204.295
738,2016,NEEDTOBREATHE,Happiness,4100,272.485
739,2016,Coldplay,Up&Up,4109,405.32
740,2016,Blink-182,She's Out Of Her Mind,4111,162.72
741,2016,Bring Me The Horizon,Happy Song,4118,239.386
742,2016,Shinedown,State Of My Head,4118,205.653
743,2016,Cage The Elephant,Mess Around,4149,173.173
744,2016,Goo Goo Dolls,So Alive,4161,132.179
745,2016,Highly Suspect,My Name Is Human,4173,258.773
746,2016,Panic! At The Disco,LA Devotee,4189,196.52
747,2016,Empire Of The Sun,High And Low,4189,224.84
748,2016,Korn,Rotting In Vain,4197,213.0
749,2016,JR JR,Gone,4204,375.386
750,2016,Zach Williams,Chain Breaker,4209,196.466
751,2016,Tame Impala,The Less I Know The Better,4231,216.32
752,2016,Fall Out Boy,Irresistible,4305,206.506
753,2016,Banners,Start A Riot,4310,171.466
754,2016,Five Finger Death Punch,Wash It All Away,4316,225.705
755,2016,twenty one pilots,Goner,4336,236.733
756,2016,Metallica,Moth Into Flame,4337,350.644
757,2016,KONGOS,Take It From Me,4370,174.254
758,2016,The Lumineers,Angela,4371,201.785
759,2016,Disturbed,The Light,4387,172.218
760,2016,Thrice,Black Honey,4393,239.45
761,2016,twenty one pilots,We Don't Believe What's On TV,4396,177.2
762,2016,Green Day,Still Breathing,4409,224.76
763,2016,The Lumineers,Sleep On The Floor,4438,211.851
764,2016,Foo Fighters,Saint Cecilia,4450,221.666
765,2016,BORNS,Electric Love,4484,218.106
766,2016,Avenged Sevenfold,The Stage,4489,512.024
767,2016,Saint Motel,Move,4523,201.16
768,2016,twenty one pilots,Message Man,4535,240.08
769,2016,Prince,When Doves Cry,4557,352.906
770,2016,Mumford & Sons X Baaba Maal,There Will Be Time,4580,267.946
771,2016,Five Finger Death Punch,My Nemesis,4599,215.871
772,2016,The Avett Brothers,Ain't No Man,4614,212.346
773,2016,Ghost,Square Hammer,4618,239.293
774,2016,Vance Joy,Fire And The Flood,4627,249.382
775,2016,Prince And The Revolution,Purple Rain,4628,520.786
776,2016,Radiohead,Burn The Witch,4636,220.609
777,2016,Birdy,Keeping Your Head Up,4641,208.395
778,2016,"Alex Da Kid Featuring X Ambassadors, Elle King & Wiz Khalifa",Not Easy,4660,164.142
779,2016,Bon Iver,"33 ""GOD""",4665,213.0
780,2016,Blue October,Home,4666,195.32
781,2016,The 1975,Love Me,4672,255.053
782,2016,Weezer,Thank God For Girls,4682,210.186
783,2016,"Action Bronson, Mark Ronson & Dan Auerbach",Standing In The Rain,4689,162.992
784,2016,Disturbed,Open Your Eyes,4700,232.946
785,2016,Metallica,"Atlas, Rise!",4701,388.624
786,2017,The Revivalists,Wish I Knew You,463,274.093
787,2017,Imagine Dragons,Believer,592,204.346
788,2017,Portugal. The Man,Feel It Still,1258,163.253
789,2017,The Lumineers,Angela,1692,201.785
790,2017,Imagine Dragons,Thunder,1837,187.146
791,2017,twenty one pilots,Heathens,2185,195.92
792,2017,Linkin Park Featuring Kiiara,Heavy,2490,190.78
793,2017,Rag'n'Bone Man,Human,2501,221.52
794,2017,Lord Huron,The Night We Met,2854,208.211
795,2017,Zach Williams,Old Church Choir,3045,176.453
796,2017,Imagine Dragons,Whatever It Takes,3071,201.24
797,2017,The Killers,The Man,3110,190.36
798,2017,Linkin Park,One More Light,3246,255.066
799,2017,"Lil Wayne, Wiz Khalifa & Imagine Dragons With Logic & Ty Dolla $ign Feat. X Ambassadors",Sucker For Pain,3275,243.49
800,2017,Theory Of A Deadman,Rx (Medicate),3397,233.173
801,2017,Weezer,Feels Like Summer,3418,297.404
802,2017,Vance Joy,Lay It On Me,3442,215.493
803,2017,NEEDTOBREATHE,Hard Love,3488,214.626
804,2017,twenty one pilots,Ride,3493,214.506
805,2017,Judah & The Lion,Take It All Back,3550,218.355
806,2017,KALEO,Way Down We Go,3552,213.706
807,2017,Thirty Seconds To Mars,Walk On Water,3575,185.466
808,2017,Paramore,Hard Times,3604,182.693
809,2017,Sir Sly,High,3631,208.4
810,2017,Foo Fighters,Run,3685,195.906
811,2017,Lana Del Rey Featuring The Weeknd,Lust For Life,3699,264.066
812,2017,Cold War Kids,Love Is Mystical,3710,214.36
813,2017,Papa Roach,Help,3713,214.797
814,2017,Bleachers,Don't Take The Money,3713,215.546
815,2017,NEEDTOBREATHE,Testify,3723,210.133
816,2017,Lana Del Rey,Love,3752,213.92
817,2017,Greta Van Fleet,Highway Tune,3786,180.64
818,2017,Foo Fighters,The Sky Is A Neighborhood,3790,244.573
819,2017,Judah & The Lion,Suit And Jacket,3813,222.256
820,2017,twenty one pilots,Heavydirtysoul,3814,234.813
821,2017,Queens Of The Stone Age,The Way You Used To Do,3841,274.281
822,2017,Highly Suspect,Little One,3863,241.533
823,2017,Shinedown,How Did You Love,3876,187.626
824,2017,U2,You're The Best Thing About Me,3885,225.4
825,2017,Fitz And The Tantrums,HandClap,3897,193.253
826,2017,Cage The Elephant,Cold Cold Cold,3904,214.386
827,2017,Dirty Heads,Vacation,3910,209.721
828,2017,Rise Against,The Violence,3945,208.395
829,2017,Ocean Park Standoff,Good News,3960,342.04
830,2017,Stone Sour,Song #3,3969,256.533
831,2017,X Ambassadors,Ahead Of Myself,3973,223.146
832,2017,Imagine Dragons,Walking The Wire,3993,232.906
833,2017,Moon Taxi,Two High,4001,213.12
834,2017,Beck,Up All Night,4001,234.333
835,2017,Zach Williams,Chain Breaker,4002,196.466
836,2017,MISSIO,Middle Fingers,4023,218.66
837,2017,Green Day,Still Breathing,4027,224.76
838,2017,Starset,Monster,4029,178.013
839,2017,Royal Blood,Lights Out,4033,85.463
840,2017,Bastille,Blame,4040,127.028
841,2017,John Mayer,Love On The Weekend,4049,212.32
842,2017,Nothing More,Go To War,4049,245.195
843,2017,Arcade Fire,Everything Now,4063,303.013
844,2017,The xx,On Hold,4087,224.133
845,2017,Andrew McMahon In The Wilderness,Fire Escape,4118,111.777
846,2017,KALEO,All The Pretty Girls,4119,212.893
847,2017,Muse,Dig Down,4121,228.146
848,2017,WALK THE MOON,One Foot,4127,261.372
849,2017,Gorillaz Featuring Popcaan,Saturnz Barz,4132,181.906
850,2017,Fall Out Boy,The Last Of The Real Ones,4137,230.4
851,2017,Alice Merton,No Roots,4138,235.813
852,2017,John Mayer,In The Blood,4150,243.666
853,2017,All That Remains,The Thunder Rolls,4176,219.054
854,2017,LANY,Super Far,4194,203.65
855,2017,Kings Of Leon,Waste A Moment,4219,183.093
856,2017,Highly Suspect,My Name Is Human,4228,258.773
857,2017,Milky Chance,Cocoon,4239,255.16
858,2017,Fall Out Boy,Champion,4255,167.6
859,2017,Foster The People,Sit Next To Me,4256,243.146
860,2017,Seether,Let You Down,4261,212.12
861,2017,Kings Of Leon,Reverend,4264,234.08
862,2017,The Lumineers,Cleopatra,4293,201.413
863,2017,Unspoken,The Cure,4317,211.363
864,2017,Skillet,Stars,4320,210.626
865,2017,Cage The Elephant,Whole Wide World,4340,155.24
866,2017,All Time Low,Good Times,4344,169.573
867,2017,I Prevail,Alone,4350,211.25
868,2017,The 1975,Somebody Else,4353,347.52
869,2017,Metallica,"Atlas, Rise!",4364,388.624
870,2017,X Ambassadors,Unsteady,4375,193.546
871,2017,DREAMERS,Sweet Disaster,4393,205.173
872,2017,alt-J,In Cold Blood,4409,206.026
873,2017,Blink-182,She's Out Of Her Mind,4432,162.72
874,2017,Bishop Briggs,Wild Horses,4432,341.773
875,2017,"Alex Da Kid Featuring X Ambassadors, Elle King & Wiz Khalifa",Not Easy,4450,164.142
876,2017,HAIM,Want You Back,4456,204.106
877,2017,Mondo Cozmo,Shine,4463,306.04
878,2017,Red Hot Chili Peppers,Go Robot,4482,263.8
879,2017,Skillet,The Resistance,4492,232.066
880,2017,Gorillaz Featuring D.R.A.M.,Andromeda,4502,280.186
881,2017,Fitz And The Tantrums,Fool,4505,311.765
882,2017,Cold War Kids Featuring Bishop Briggs,So Tied Up,4519,189.506
883,2017,Ghost,Square Hammer,4533,239.293
884,2017,Catfish And The Bottlemen,7,4533,210.506
885,2017,Soundgarden,Black Hole Sun,4558,318.586
886,2018,lovelytheband,Broken,523,231.253
887,2018,Imagine Dragons,Thunder,800,187.146
888,2018,Imagine Dragons,Believer,1436,204.346
889,2018,Portugal. The Man,Feel It Still,1738,163.253
890,2018,Foster The People,Sit Next To Me,1769,243.146
891,2018,Bad Wolves,Zombie,1832,306.44
892,2018,Imagine Dragons,Whatever It Takes,1906,201.24
893,2018,Panic! At The Disco,High Hopes,2227,190.946
894,2018,Weezer,Africa,2758,295.893
895,2018,Panic! At The Disco,Say Amen (Saturday Night),2775,189.186
896,2018,Imagine Dragons,Natural,2884,189.466
897,2018,John Mayer,New Light,2936,217.426
898,2018,Godsmack,Bulletproof,3023,177.048
899,2018,Bad Wolves Featuring DIAMANTE,Hear Me Now,3136,194.84
900,2018,Two Feet,I Feel Like I'm Drowning,3183,185.52
901,2018,Alice Merton,No Roots,3278,235.813
902,2018,Five Finger Death Punch,Gone Away,3314,268.826
903,2018,Shinedown,Devil,3386,351.946
904,2018,George Ezra,Shotgun,3465,201.287
905,2018,Five Finger Death Punch,Sham Pain,3527,209.703
906,2018,twenty one pilots,Jumpsuit,3544,238.56
907,2018,Nathaniel Rateliff & The Night Sweats,You Worry Me,3547,214.16
908,2018,Portugal. The Man,Live In The Moment,3584,246.786
909,2018,twenty one pilots,My Blood,3592,229.12
910,2018,Muse,Thought Contagion,3613,206.106
911,2018,Vance Joy,Saturday Sun,3658,214.72
912,2018,Sir Sly,&Run,3689,195.906
913,2018,Greta Van Fleet,When The Curtain Falls,3701,222.96
914,2018,Breaking Benjamin,Red Cold River,3702,200.906
915,2018,flora cash,You're Somebody Else,3705,218.883
916,2018,Badflower,Ghost,3719,153.19
917,2018,Thirty Seconds To Mars,Dangerous Night,3727,199.773
918,2018,Three Days Grace,The Mountain,3737,198.36
919,2018,The Revivalists,All My Friends,3743,229.746
920,2018,twenty one pilots,Nico And The Niners,3772,225.04
921,2018,"Five Finger Death Punch Featuring Kenny Wayne Shepherd, Brantley Gilbert & Brian May",Blue On Black,3773,274.615
922,2018,WALK THE MOON,Kamikaze,3790,139.2
923,2018,Disturbed,Are You Ready,3790,261.68
924,2018,grandson,Blood // Water,3801,214.52
925,2018,Panic! At The Disco,"Hey Look Ma, I Made It",3803,169.666
926,2018,Sanctus Real,Confidence,3818,181.733
927,2018,WALK THE MOON,One Foot,3826,261.372
928,2018,The Interrupters,She's Kerosene,3849,170.453
929,2018,Ghost,Rats,3850,261.573
930,2018,Imagine Dragons,Next To Me,3859,314.389
931,2018,Shinedown,Get Up,3865,245.786
932,2018,Bastille,Quarter Past Midnight,3884,201.799
933,2018,The Struts,Body Talks,3898,178.115
934,2018,Florence + The Machine,Hunger,3902,246.266
935,2018,Death Cab For Cutie,Gold Rush,3915,185.32
936,2018,SYML,Where's My Love,3923,202.0
937,2018,Mumford & Sons,Guiding Light,3959,217.633
938,2018,Noah Kahan & Julia Michaels,Hurt Somebody,4025,167.106
939,2018,The 1975,Love It If We Made It,4037,252.925
940,2018,CHVRCHES,Miracle,4051,186.496
941,2018,Greta Van Fleet,Safari Song,4090,234.6
942,2018,Imagine Dragons,Zero,4092,154.194
943,2018,Queen,Bohemian Rhapsody,4101,354.32
944,2018,Fall Out Boy,Hold Me Tight Or Don't,4139,210.36
945,2018,Imagine Dragons + Khalid,Thunder/Young Dumb & Broke (Medley),4144,251.283
946,2018,Queen,We Will Rock You,4153,122.066
947,2018,NEEDTOBREATHE,Walking On Water,4154,246.933
948,2018,The Killers,Run For Cover,4191,222.146
949,2018,Papa Roach,Born For Greatness,4193,227.847
950,2018,Bring Me The Horizon,Mantra,4200,208.08
951,2018,Queen,Another One Bites The Dust,4218,214.653
952,2018,Panic! At The Disco,(Fuck A) Silver Lining,4247,168.613
953,2018,Panic! At The Disco,Roaring 20s,4254,186.6
954,2018,Pop Evil,Waking Lions,4272,231.963
955,2018,Blue October,I Hope You're Happy,4275,232.403
956,2018,AWOLNATION,Handyman,4286,202.031
957,2018,Queen,Somebody To Love,4324,296.493
958,2018,Godsmack,When Legends Rise,4328,172.826
959,2018,Thirty Seconds To Mars,Walk On Water,4329,185.466
960,2018,The Score,Unstoppable,4340,217.746
961,2018,Queen & David Bowie,Under Pressure,4344,248.44
962,2018,Panic! At The Disco,King Of The Clouds,4358,160.746
963,2018,CHVRCHES,Get Out,4366,262.493
964,2018,Beck,Up All Night,4395,234.333
965,2018,Gorillaz Featuring George Benson,Humility,4412,197.933
966,2018,James Bay,Wild Love,4437,189.146
967,2018,Three Days Grace,Infra-Red,4441,230.933
968,2018,Queen,Don't Stop Me Now,4443,209.413
969,2018,Queen,We Are The Champions,4462,179.2
970,2018,twenty one pilots,Levitate,4468,145.946
971,2018,Manchester Orchestra,The Gold,4478,233.226
972,2018,Elle King,Shame,4478,219.742
973,2018,The Glorious Sons,S.O.S. (Sawed Off Shotgun),4484,195.173
974,2018,Asking Alexandria,Alone In A Room,4485,245.861
975,2018,twenty one pilots,Chlorine,4491,324.466
976,2018,Alice Merton,Lash Out,4507,194.52
977,2018,Beck,Colors,4512,198.533
978,2018,Theory Of A Deadman,Rx (Medicate),4517,233.173
979,2018,Weezer,Happy Hour,4525,199.84
980,2018,My Silent Bravery,18,4531,189.157
981,2018,The Neighbourhood,Scary Love,4541,222.666
982,2018,Muse,Something Human,4549,226.786
983,2018,Queen,Killer Queen,4550,179.6
984,2018,Bastille,World Gone Mad,4555,195.7
985,2018,lovelytheband,These Are My Friends,4560,208.946
986,2019,Panic! At The Disco,High Hopes,63,190.946
987,2019,Panic! At The Disco,"Hey Look Ma, I Made It",881,169.666
988,2019,Imagine Dragons,Natural,2214,189.466
989,2019,Imagine Dragons,Bad Liar,2297,260.773
990,2019,twenty one pilots,Chlorine,2396,324.466
991,2019,Machine Gun Kelly X YUNGBLUD X Travis Barker,I Think I'm OKAY,2477,169.397
992,2019,Matt Maeson,Cringe,2856,216.213
993,2019,The Lumineers,Gloria,2904,216.12
994,2019,AJR,100 Bad Days,2962,212.783
995,2019,Cage The Elephant,Social Cues,3055,219.053
996,2019,twenty one pilots,The Hype,3124,265.373
997,2019,Hozier,Almost (Sweet Music),3129,217.48
998,2019,Godsmack,Under Your Scars,3147,231.118
999,2019,Oliver Tree,Hurt,3158,176.78
1000,2019,Slipknot,Unsainted,3231,260.773
1001,2019,The Head And The Heart,Missed Connection,3305,195.312
1002,2019,Of Monsters And Men,Alligator,3305,142.655
1003,2019,The Black Keys,Lo/Hi,3308,177.768
1004,2019,The Black Keys,Go,3319,209.259
1005,2019,Cage The Elephant,Ready To Let Go,3323,187.973
1006,2019,Dermot Kennedy,Outnumbered,3497,245.699
1007,2019,YUNGBLUD & Halsey Featuring Travis Barker,11 Minutes,3529,239.507
1008,2019,Tool,Fear Inoculum,3540,620.101
1009,2019,Highly Suspect,16,3580,156.04
1010,2019,Local Natives,When Am I Gonna Lose You,3599,264.213
1011,2019,Vampire Weekend,This Life,3617,268.6
1012,2019,Vampire Weekend,Harmony Hall,3623,308.733
1013,2019,Shinedown,Monsters,3635,248.373
1014,2019,Young The Giant,Superposition,3686,230.959
1015,2019,I Prevail,Breaking Down,3701,206.146
1016,2019,Catfish And The Bottlemen,Longshot,3741,232.96
1017,2019,"Five Finger Death Punch Featuring Kenny Wayne Shepherd, Brantley Gilbert & Brian May",Blue On Black,3744,274.615
1018,2019,lovelytheband,Broken,3791,231.253
1019,2019,Volbeat,Last Day Under The Sun,3835,287.4
1020,2019,Tame Impala,Borderline,3848,237.8
1021,2019,Bastille,Joy,3854,274.52
1022,2019,Ed Sheeran With Chris Stapleton & Bruno Mars,BLOW,3857,219.973
1023,2019,Bad Wolves,Remember When,3869,155.146
1024,2019,Weezer,The End Of The Game,3869,181.706
1025,2019,Skillet,Legendary,3874,161.453
1026,2019,half alive,still feel.,3877,247.786
1027,2019,Mumford & Sons,Beloved,3882,265.096
1028,2019,Green Day,Father Of All...,3943,151.362
1029,2019,Meg Myers,Running Up That Hill,3952,298.933
1030,2019,Dermot Kennedy,Power Over Me,3969,206.96
1031,2019,George Ezra,Shotgun,3969,201.287
1032,2019,Greta Van Fleet,You're The One,4005,227.706
1033,2019,Beach Bunny,Prom Queen,4007,136.562
1034,2019,Wallows Featuring Clairo,Are You Bored Yet?,4007,178.0
1035,2019,Hozier,Movement,4022,237.8
1036,2019,Barns Courtney,"""99""",4023,232.466
1037,2019,Rex Orange County,10/10,4047,146.093
1038,2019,Blink-182,I Really Wish I Hated You,4116,191.066
1039,2019,The Lumineers,Life In The City,4139,231.36
1040,2019,James Bay Featuring Julia Michaels,Peer Pressure,4157,176.826
1041,2019,Korn,You'll Never Find Me,4166,220.88
1042,2019,Smith & Thell Featuring Swedish Jam Factory,Forgive Me Friend,4187,216.133
1043,2019,girl in red,we fell in love in october,4200,184.153
1044,2019,Blink-182,Blame It On My Youth,4212,193.188
1045,2019,morgxn Featuring WALK THE MOON,Home,4238,195.32
1046,2019,Tame Impala,Patience,4241,262.429
1047,2019,White Reaper,Might Be Right,4243,237.013
1048,2019,Oliver Tree,Miracle Man,4253,125.051
1049,2019,Fall Out Boy Featuring Wyclef Jean,Dear Future Self (Hands Up),4274,170.04
1050,2019,Mumford & Sons,Guiding Light,4282,217.633
1051,2019,Coldplay,Orphans,4298,197.533
1052,2019,Disturbed,A Reason To Fight,4340,284.293
1053,2019,Judah & The Lion,Why Did You Run?,4348,233.976
1054,2019,Muse,Pressure,4350,259.687
1055,2019,Queen,Radio Ga Ga (Live Aid),4367,245.68
1056,2019,Ghost,Dance Macabre,4383,219.72
1057,2019,Cold War Kids,Complainer,4407,219.68
1058,2019,Death Cab For Cutie,Northern Lights,4420,236.8
1059,2019,Bad Wolves,Killing Me Slowly,4427,237.065
1060,2019,John Mayer,I Guess I Just Feel Like,4451,286.386
1061,2019,AJR,Dear Winter,4458,168.125
1062,2019,Five Finger Death Punch,When The Seasons Change,4489,227.309
1063,2019,Three Days Grace,Right Left Wrong,4495,236.693
1064,2019,Papa Roach,Come Around,4497,166.695
1065,2019,The 1975,It's Not Living (If It's Not With You),4507,248.335
1066,2019,Queen,We Are The Champions (Live Aid),4509,237.025
1067,2019,Imagine Dragons Featuring Elisa,Birds,4509,209.346
1068,2019,I Dont Know How But They Found Me,Choke,4510,195.717
1069,2019,twenty one pilots,My Blood,4511,229.12
1070,2019,Panic! At The Disco,The Greatest Show,4513,302.146
1071,2019,YUNGBLUD Featuring Dan Reynolds,Original Me,4515,205.32
1072,2019,YUNGBLUD,Parents,4546,171.88
1073,2019,Badflower,The Jester,4555,129.199
1074,2019,The Glorious Sons,S.O.S. (Sawed Off Shotgun),4559,195.173
1075,2019,The 1975,Love It If We Made It,4559,252.925
1076,2019,flora cash,You're Somebody Else,4586,218.883
1077,2019,Mumford & Sons,Blind Leading The Blind,4586,224.703
1078,2019,The Glorious Sons,Panic Attack,4611,184.885
1079,2019,Queen,Hammer To Fall (Live Aid),4618,243.531
1080,2019,Ozzy Osbourne,Under The Graveyard,4621,297.682
1081,2019,Tame Impala,It Might Be Time,4627,273.026
1082,2019,Papa Roach,Elevate,4628,219.4
1083,2019,Slipknot,Solway Firth,4630,355.54
1084,2019,"Marshmello, YUNGBLUD & blackbear",Tongue Tied,4632,218.013
1085,2019,Foster The People,Worst Nites,4638,211.92
1086,2020,AJR,Bang!,834,170.858
1087,2020,Machine Gun Kelly,Bloody Valentine,2317,205.158
1088,2020,Tame Impala,Lost In Yesterday,2603,249.586
1089,2020,Dayglow,Can I Call You Tonight?,2649,278.769
1090,2020,All Time Low Featuring blackbear,Monsters,2675,248.373
1091,2020,Falling In Reverse,Popular Monster,2876,220.537
1092,2020,Juice WRLD x Marshmello,Come & Go,2910,205.484
1093,2020,Ashe,Moral Of The Story,2912,201.016
1094,2020,twenty one pilots,Level Of Concern,2938,220.051
1095,2020,Peach Tree Rascals,Mariposa,3000,210.0
1096,2020,Wallows Featuring Clairo,Are You Bored Yet?,3018,178.0
1097,2020,The Head And The Heart,Honeybee,3041,196.055
1098,2020,Panic! At The Disco,High Hopes,3059,190.946
1099,2020,Matt Maeson,Hallucinogenics,3168,187.173
1100,2020,Taylor Swift,Cardigan,3202,239.56
1101,2020,Taylor Swift Featuring Bon Iver,Exile,3306,285.634
1102,2020,Machine Gun Kelly X blackbear,My Ex's Best Friend,3354,139.46
1103,2020,24kGoldn Featuring iann dior,Mood,3355,140.533
1104,2020,The Killers,Caution,3446,269.533
1105,2020,Glass Animals,Heat Waves,3456,238.805
1106,2020,Billie Eilish,My Future,3485,208.155
1107,2020,The Strokes,Bad Decisions,3505,172.714
1108,2020,Fitz And The Tantrums,I Just Wanna Shine,3553,207.925
1109,2020,Five Finger Death Punch,A Little Bit Off,3554,190.718
1110,2020,Powfu Featuring beabadoobee,Death Bed,3580,173.333
1111,2020,iann dior Featuring Machine Gun Kelly & Travis Barker,Sick And Tired,3648,144.0
1112,2020,24kGoldn,City Of Angels,3649,112.493
1113,2020,Juice WRLD,Man Of The Year,3654,216.013
1114,2020,Glass Animals,Your Love (Deja Vu),3699,234.372
1115,2020,Green Day,Oh Yeah!,3702,169.642
1116,2020,The Hu Featuring Jacoby Shaddix,Wolf Totem,3715,338.0
1117,2020,Joji,Gimme Love,3730,214.557
1118,2020,Taylor Swift,My Tears Ricochet,3749,255.893
1119,2020,Cage The Elephant,Black Madonna,3753,226.533
1120,2020,Taylor Swift,August,3755,261.922
1121,2020,Panic! At The Disco,"Hey Look Ma, I Made It",3770,169.666
1122,2020,NEEDTOBREATHE,Who Am I,3782,246.2
1123,2020,The Unlikely Candidates,Novocaine,3787,195.605
1124,2020,jxdn,Angels & Demons,3827,160.119
1125,2020,lovelytheband,loneliness for love,3835,235.847
1126,2020,Grouplove,Deleter,3843,234.386
1127,2020,Sista_Prod Featuring Subvrbs,Eyes Blue Like The Atlantic,3867,154.599
1128,2020,Clairo,Sofia,3870,188.386
1129,2020,Banners,Someone To You,3876,219.801
1130,2020,Five Finger Death Punch,Inside Out,3882,141.04
1131,2020,Oliver Tree,Let Me Down,3891,169.353
1132,2020,Royal & The Serpent,Overwhelmed,3913,103.24
1133,2020,Weezer,Hero,3929,186.813
1134,2020,Billie Eilish,No Time To Die,3934,242.265
1135,2020,Machine Gun Kelly,Why Are You Here,3961,175.776
1136,2020,Ozzy Osbourne Featuring Elton John,Ordinary Man,3962,301.73
1137,2020,Bad Wolves,Sober,4056,252.013
1138,2020,Breaking Benjamin Featuring Scooter Ward,Far Away,4063,238.173
1139,2020,The Lumineers,Life In The City,4085,231.36
1140,2020,Machine Gun Kelly & Halsey,Forget Me Too,4093,171.62
1141,2020,Ozzy Osbourne,Under The Graveyard,4120,297.682
1142,2020,Chris Cornell,Patience,4124,262.429
1143,2020,Neon Trees,Used To Like,4132,198.275
1144,2020,Joji x Diplo,Daylight,4160,212.953
1145,2020,I Prevail,Hurricane,4169,222.533
1146,2020,The Black Keys,Shine A Little Light,4177,196.776
1147,2020,Taylor Swift,Mirrorball,4181,208.977
1148,2020,BENEE Featuring Gus Dapperton,Supalonely,4187,223.48
1149,2020,AWOLNATION,The Best,4197,329.8
1150,2020,White Reaper,Might Be Right,4205,237.013
1151,2020,Billie Joe Armstrong,I Think We're Alone Now,4213,228.84
1152,2020,Taylor Swift,This Is Me Trying,4219,195.097
1153,2020,Godsmack,Unforgettable,4223,233.901
1154,2020,Meg Myers,Running Up That Hill,4233,298.933
1155,2020,ILLENIUM,Nightlight,4236,222.4
1156,2020,Bakar,Hell N Back,4257,213.573
1157,2020,Taylor Swift,Seven,4262,232.106
1158,2020,The 1975,Me & You Together Song,4280,207.223
1159,2020,Pearl Jam,Dance Of The Clairvoyants,4302,265.306
1160,2020,jxdn,Comatose,4329,230.426
1161,2020,Theory Of A Deadman,History Of Violence,4339,234.567
1162,2020,Coldplay,Orphans,4341,197.533
1163,2020,AC/DC,Shot In The Dark,4346,256.293
1164,2020,Machine Gun Kelly,Drunk Face,4378,143.9
1165,2020,Tame Impala,Is It True,4382,239.266
1166,2020,The 1975,If You're Too Shy (Let Me Know),4388,319.37
1167,2020,Taylor Swift,Mad Woman,4405,237.258
1168,2020,Weezer,Lost In The Woods,4459,180.762
1169,2020,Tones And I,Dance Monkey,4475,209.438
1170,2020,Shinedown,Atlas Falls,4481,192.37
1171,2020,Dermot Kennedy,Outnumbered,4483,245.699
1172,2020,Sub Urban Featuring REI AMI,Freak,4496,147.062
1173,2020,Saint Motel,Van Horn,4497,161.12
1174,2020,Of Monsters And Men,Wars,4504,210.186
1175,2020,Stellar,Ashes,4504,166.355
1176,2020,The Hu Featuring From Ashes To New,Yuve Yuve Yu,4520,282.92
1177,2020,Tame Impala,Breathe Deeper,4520,372.866
1178,2020,Taylor Swift,Peace,4533,257.962
1179,2020,Tones And I,Ur So cOoL,4548,172.746
1180,2020,Major Lazer Featuring Marcus Mumford,Lay Your Head On Me,4556,396.19
1181,2020,Machine Gun Kelly,Concert For Aliens,4563,160.222
1182,2020,Billie Eilish,Therefore I Am,4567,174.321
1183,2020,Pearl Jam,Superblood Wolfmoon,4571,229.466
1184,2020,Bad Wolves,Killing Me Slowly,4572,237.065
1185,2020,twenty one pilots,The Hype,4587,265.373
1186,2021,Glass Animals,Heat Waves,194,238.805
1187,2021,The Kid LAROI,Without You,704,161.384
1188,2021,Elle King & Miranda Lambert,Drunk (And I Don't Wanna Go Home),1294,245.625
1189,2021,Machine Gun Kelly X blackbear,My Ex's Best Friend,1856,139.46
1190,2021,24kGoldn Featuring iann dior,Mood,1995,140.533
1191,2021,Maneskin,Beggin',2633,211.56
1192,2021,Tai Verdes,A-O-K,2732,172.986
1193,2021,Weezer,All My Favorite Songs,2771,170.72
1194,2021,Taylor Swift,Willow,2774,214.706
1195,2021,Olivia Rodrigo,Brutal,2898,143.746
1196,2021,AJR,Way Less Sad,2899,206.108
1197,2021,Billie Eilish,Therefore I Am,2911,174.321
1198,2021,Imagine Dragons,Follow You,2915,202.0
1199,2021,Surf Curse,Freaks,3053,147.062
1200,2021,Willow Featuring Travis Barker,transparentsoul,3061,168.03
1201,2021,Maneskin,I Wanna Be Your Slave,3131,173.346
1202,2021,twenty one pilots,Saturday,3163,214.72
1203,2021,Imagine Dragons,Wrecked,3166,244.004
1204,2021,Billie Eilish,Happier Than Ever,3201,298.899
1205,2021,THE ANXIETY: WILLOW & Tyler Cole,Meet Me At Our Spot,3217,162.68
1206,2021,girl in red,Serotonin,3444,182.426
1207,2021,Vance Joy,Missing Piece,3455,215.84
1208,2021,Billie Eilish,Your Power,3492,245.896
1209,2021,Nessa Barrett Featuring jxdn,La Di Die,3606,195.191
1210,2021,Sueco,Paralyzed,3616,270.453
1211,2021,Nessa Barrett,I Hope Ur Miserable Until Ur Dead,3628,177.582
1212,2021,Billie Eilish,Lost Cause,3649,212.496
1213,2021,All Time Low Featuring blackbear,Monsters,3655,248.373
1214,2021,bbno$ Featuring Rich Brian,Edamame,3655,133.706
1215,2021,Beach Bunny,Cloud 9,3696,147.35
1216,2021,Billie Eilish,NDA,3699,195.776
1217,2021,AURORA,Runaway,3699,547.733
1218,2021,carolesdaughter,Violent,3710,215.32
1219,2021,twenty one pilots,Shy Away,3754,175.044
1220,2021,Taylor Swift,Champagne Problems,3774,244.0
1221,2021,Coldplay,Higher Power,3776,211.294
1222,2021,Eyedress,Jealous,3798,122.338
1223,2021,Tones And I,Fly Away,3800,221.332
1224,2021,ElyOtto,SugarCrash!,3825,80.08
1225,2021,Machine Gun Kelly,Papercuts,3839,172.654
1226,2021,Oliver Tree,Life Goes On,3895,247.054
1227,2021,Foushee,Deep End,3977,206.142
1228,2021,Nu Breed & Jesse Howard,Welcome To My House,3979,405.33
1229,2021,Cage The Elephant,Skin And Bones,3984,196.173
1230,2021,Coldplay x BTS,My Universe,3991,228.0
1231,2021,PinkPantheress,Break It Off,4037,96.133
1232,2021,Banners,Someone To You,4039,219.801
1233,2021,Ashe & Finneas,Till Forever Falls Apart,4046,222.926
1234,2021,Juice WRLD x Marshmello,Come & Go,4047,205.484
1235,2021,Billie Eilish,Billie Bossa Nova,4048,196.73
1236,2021,Machine Gun Kelly Featuring Kellin Quinn,Love Race,4056,188.779
1237,2021,Lorde,Solar Power,4058,192.621
1238,2021,Foo Fighters,Waiting On A War,4074,253.84
1239,2021,Greta Van Fleet,Heat Above,4080,341.255
1240,2021,The Strokes,The Adults Are Talking,4092,309.053
1241,2021,Sub Urban & Bella Poarch,Inferno,4103,133.133
1242,2021,Miley Cyrus,Plastic Hearts,4131,205.733
1243,2021,Machine Gun Kelly & Halsey,Forget Me Too,4135,171.62
1244,2021,kim dracula,Paparazzi,4196,208.306
1245,2021,Clairo,Sofia,4197,188.386
1246,2021,Riovaz,Prom Night,4214,145.899
1247,2021,Jeris Johnson,Damn!,4225,190.666
1248,2021,The Lumineers,Brightside,4242,229.773
1249,2021,Black Pumas,Colors,4253,198.533
1250,2021,Zach Bryan,Heading South,4257,171.692
1251,2021,"benny blanco, Marshmello & Vance Joy",You,4276,157.477
1252,2021,Milky Chance,Colorado,4278,172.845
1253,2021,Billie Eilish,Halley's Comet,4278,234.761
1254,2021,Foo Fighters,Making A Fire,4278,255.106
1255,2021,Taylor Swift,Gold Rush,4281,185.32
1256,2021,Glass Animals,I Don't Wanna Talk (I Just Wanna Dance),4289,195.19
1257,2021,Halsey,"I Am Not A Woman, I'm A God",4304,176.413
1258,2021,Rex Orange County,Pluto Projector,4335,267.52
1259,2021,AJR,Bang!,4369,170.858
1260,2021,Billie Eilish,Getting Older,4376,244.221
1261,2021,Tai Verdes,Drugs,4384,198.057
1262,2021,Modest Mouse,We Are Between,4394,232.906
1263,2021,Kings Of Leon,The Bandit,4398,137.96
1264,2021,347aidan,Dancing In My Room,4401,180.138
1265,2021,Taylor Swift,Tolerate It,4403,245.44
1266,2021,John Mayer,Last Train Home,4408,187.306
1267,2021,Cannons,Fire For You,4423,231.825
1268,2021,Machine Gun Kelly & CORPSE,Daywalker!,4424,137.746
1269,2021,Big Red Machine Featuring Taylor Swift,Renegade,4426,257.226
1270,2021,347aidan,Memories!,4428,189.486
1271,2021,Taylor Swift,'Tis The Damn Season,4432,229.84
1272,2021,BoyWithUke,Toxic,4440,198.8
1273,2021,Penelope Scott,Rat,4463,194.165
1274,2021,Billie Eilish,I Didn't Change My Number,4464,158.463
1275,2021,Daisy The Great X AJR,Record Player,4472,149.538
1276,2021,Rise Against,Nowhere Generation,4489,232.933
1277,2021,24kGoldn,"3, 2, 1",4497,131.586
1278,2021,Taylor Swift,Ivy,4506,249.191
1279,2021,Fleetwood Mac,Dreams,4516,257.8
1280,2021,Imagine Dragons X JID,Enemy,4525,173.381
1281,2021,BoyWithUke,Two Moons,4544,224.747
1282,2021,Billie Eilish,Male Fantasy,4593,194.886
1283,2021,Royal Blood,Trouble's Coming,4598,210.12
1284,2021,Billie Eilish,Oxytocin,4599,210.232
1285,2021,Lana Del Rey,Dealer,4611,274.293
1286,2022,Imagine Dragons X JID,Enemy,1015,173.381
1287,2022,Jelly Roll,Son Of A Sinner,1068,232.093
1288,2022,Nicky Youre & dazy,Sunroof,1089,163.025
1289,2022,Imagine Dragons,Bones,1468,165.264
1290,2022,GAYLE,abcdefu,1687,168.601
1291,2022,Stephen Sanchez,Until I Found You,1745,176.44
1292,2022,Zach Bryan,Something In The Orange,1844,228.013
1293,2022,Glass Animals,Heat Waves,2160,238.805
1294,2022,AJR,World's Smallest Violin,2344,180.742
1295,2022,Kate Bush,Running Up That Hill (A Deal With God),2534,298.933
1296,2022,Cafune,Tek It,2654,191.823
1297,2022,Billie Eilish,Happier Than Ever,2682,298.899
1298,2022,Steve Lacy,Bad Habit,2776,232.066
1299,2022,The Walters,I Love You So,3033,160.239
1300,2022,BoyWithUke,Toxic,3120,198.8
1301,2022,Elle King & Miranda Lambert,Drunk (And I Don't Wanna Go Home),3156,245.625
1302,2022,Noah Kahan,Stick Season,3236,182.346
1303,2022,d4vd,Romantic Homicide,3292,132.63
1304,2022,Zach Bryan,Oklahoma Smoke Show,3328,211.739
1305,2022,Beach Weather,"Sex, Drugs, Etc.",3373,196.784
1306,2022,Jaymes Young,Infinity,3401,237.72
1307,2022,Billie Eilish,TV,3425,281.38
1308,2022,THE ANXIETY: WILLOW & Tyler Cole,Meet Me At Our Spot,3441,162.68
1309,2022,Falling In Reverse,Voices In My Head,3463,191.414
1310,2022,The Rare Occasions,Notion,3476,195.12
1311,2022,Steve Lacy,Static,3536,156.506
1312,2022,Metallica,Master Of Puppets,3578,515.386
1313,2022,AnnenMayKantereit & Giant Rooks,Tom's Diner,3610,269.333
1314,2022,Vundabar,Alien Blues,3630,155.933
1315,2022,Red Hot Chili Peppers,Black Summer,3634,232.412
1316,2022,Zach Bryan,From Austin,3638,207.453
1317,2022,BoyWithUke X blackbear,IDGAF,3657,217.946
1318,2022,Maneskin,Supermodel,3658,181.12
1319,2022,Machine Gun Kelly X blackbear,Make Up Sex,3693,122.57
1320,2022,Machine Gun Kelly & WILLOW,Emo Girl,3700,159.096
1321,2022,The Black Keys,Wild Child,3711,164.866
1322,2022,Falling In Reverse,Zombified,3799,218.52
1323,2022,Halsey,Could Have Been Me,3827,148.732
1324,2022,Machine Gun Kelly & Bring Me The Horizon,Maybe,3866,170.133
1325,2022,Imagine Dragons,Sharks,3873,190.883
1326,2022,Suki Waterhouse,Good Looking,3890,214.8
1327,2022,Zach Bryan,Heavy Eyes,3903,190.78
1328,2022,Steve Lacy,Dark Red,3905,173.104
1329,2022,SiM,The Rumbling,3928,220.799
1330,2022,Machine Gun Kelly & Lil Wayne,Ay!,3951,207.835
1331,2022,Joy Again,Looking Out For You,3955,179.499
1332,2022,TALK,Run Away To Mars,3964,213.753
1333,2022,Nessa Barrett,Die First,3966,177.108
1334,2022,HARDY,Sold Out,3980,202.912
1335,2022,Zach Bryan,Sun To Me,3996,163.031
1336,2022,Avril Lavigne Featuring blackbear,Love It When You Hate Me,4039,145.103
1337,2022,Mother Mother,Hayloft II,4044,215.04
1338,2022,Zach Williams,Heaven Help Me,4054,202.283
1339,2022,Ghost,Mary On A Cross,4055,244.804
1340,2022,Zach Bryan,"Burn, Burn, Burn",4069,268.856
1341,2022,Cigarettes After Sex,Apocalypse,4069,290.146
1342,2022,Coldplay x BTS,My Universe,4087,228.0
1343,2022,Zach Williams,Heart Of God,4127,234.493
1344,2022,Coyote Theory,This Side Of Paradise,4130,242.01
1345,2022,Steve Lacy,Mercury,4141,124.538
1346,2022,Lil Peep Featuring rainy bear,Nuts,4146,85.36
1347,2022,Arctic Monkeys,505,4152,253.586
1348,2022,Tom Odell,Another Love,4165,244.36
1349,2022,Mareux,The Perfect Girl,4231,194.423
1350,2022,Koe Wetzel,Creeps,4249,224.703
1351,2022,Montell Fish,Hotel,4256,391.376
1352,2022,Florence + The Machine,My Love,4259,276.16
1353,2022,Three Days Grace,So Called Life,4274,206.64
1354,2022,Oliver Tree,Life Goes On,4292,247.054
1355,2022,Zach Bryan,Highway Boys,4298,220.035
1356,2022,Maneskin,Beggin',4302,211.56
1357,2022,Avril Lavigne,Bite Me,4309,157.531
1358,2022,Shinedown,Planet Zero,4338,222.738
1359,2022,Muse,Won't Stand Down,4355,209.061
1360,2022,Gorillaz Featuring Thundercat,Cracker Island,4388,213.75
1361,2022,Billie Eilish,The 30th,4398,216.448
1362,2022,Eyedress Featuring Dent May,Something About You,4398,153.312
1363,2022,Paramore,This Is Why,4404,207.133
1364,2022,Giovannie & The Hired Guns,Ramon Ayala,4405,168.311
1365,2022,The Lumineers,Where We Are,4420,172.8
1366,2022,Weezer,A Little Bit Of Love,4421,164.359
1367,2022,New West,Those Eyes,4432,220.75
1368,2022,Shinedown,Daylight,4459,212.953
1369,2022,Daisy The Great X AJR,Record Player,4460,149.538
1370,2022,d4vd,Here With Me,4473,242.484
1371,2022,Gorillaz Featuring Tame Impala & Bootie Brown,New Gold,4508,215.149
1372,2022,Blink-182,Edging,4512,151.533
1373,2022,Bob Moses,Love Brand New,4513,198.48
1374,2022,Jelly Roll,Dead Man Walking,4534,247.079
1375,2022,Cults,Gilded Lily,4536,212.736
1376,2022,Montell Fish,Fall In Love With You.,4544,132.0
1377,2022,Rosa Walton,I Really Want To Stay At Your House,4544,246.652
1378,2022,Kenshi Yonezu,Kick Back,4549,193.495
1379,2022,Koe Wetzel,Cabo,4549,243.797
1380,2022,Steve Lacy Featuring Foushee,Sunshine,4550,163.854
1381,2022,twenty one pilots,The Outside,4552,207.106
1382,2022,The Killers,Boy,4572,131.013
1383,2022,Bad Omens,Just Pretend,4592,204.676
1384,2022,Sueco,Loser,4594,235.0
1385,2022,Joji,Die For You,4604,260.253
1386,2023,Zach Bryan,Something In The Orange,2559,228.013
1387,2023,Stephen Sanchez,Until I Found You,2597,176.44
1388,2023,Steve Lacy,Bad Habit,2607,232.066
1389,2023,Nicky Youre & dazy,Sunroof,2635,163.025
1390,2023,Jelly Roll,Need A Favor,2895,197.4
1391,2023,Lizzy McAlpine,Ceilings,3078,182.887
1392,2023,Bad Omens,Just Pretend,3080,204.676
1393,2023,Mac DeMarco,Heart To Heart,3141,211.14
1394,2023,Zach Bryan Featuring Maggie Rogers,Dawns,3185,290.892
1395,2023,d4vd,Here With Me,3396,242.484
1396,2023,Linkin Park,Lost,3481,234.093
1397,2023,New West,Those Eyes,3605,220.75
1398,2023,Rosa Linn,Snap,3695,179.551
1399,2023,Rainbow Kitten Surprise,It's Called: Freefall,3729,152.293
1400,2023,Fall Out Boy,Love From The Other Side,3784,279.737
1401,2023,Falling In Reverse,Watch The World Burn,3790,203.948
1402,2023,Bakar,Hell N Back,3830,213.573
1403,2023,beabadoobee,Glue Song,3874,135.066
1404,2023,Sleep Token,The Summoning,3916,395.716
1405,2023,d4vd,Romantic Homicide,3931,132.63
1406,2023,TV Girl,Blue Hair,3957,217.0
1407,2023,Hozier,Eat Your Young,4006,242.293
1408,2023,ThxSoMch,Spit In My Face!,4038,147.874
1409,2023,beabadoobee,The Perfect Pair,4046,177.533
1410,2023,Melanie Martinez,Void,4061,247.873
1411,2023,ROAR,Christmas Kids,4090,135.693
1412,2023,SZA,F2F,4090,185.04
1413,2023,Arctic Monkeys,505,4113,253.586
1414,2023,Tom Odell,Another Love,4126,244.36
1415,2023,Sam Barber,Straight And Narrow,4140,199.874
1416,2023,Zach Bryan,The Good I'll Do,4200,211.315
1417,2023,Lil Yachty,Drive Me Crazy!,4208,229.804
1418,2023,HARDY,Jack,4237,169.013
1419,2023,Joji,Die For You,4246,260.253
1420,2023,Kxllswxtch,Waste,4280,178.52
1421,2023,Steve Lacy,Dark Red,4303,173.104
1422,2023,Cults,Gilded Lily,4316,212.736
1423,2023,boygenius,Not Strong Enough,4333,234.933
1424,2023,Zach Bryan,"Burn, Burn, Burn",4344,268.856
1425,2023,Cigarettes After Sex,Apocalypse,4365,290.146
1426,2023,Foo Fighters,Rescued,4367,258.648
1427,2023,Lana Del Rey Featuring Father John Misty,Let The Light In,4422,278.126
1428,2023,Zach Bryan,Motorcycle Drive By,4432,161.799
1429,2023,Zach Bryan,Fifth Of May,4468,178.151
1430,2023,Gorillaz Featuring Tame Impala & Bootie Brown,New Gold,4503,215.149
1431,2023,Melanie Martinez,Evil,4504,246.294
1432,2023,Jelly Roll,She,4537,253.386
1433,2023,Melanie Martinez,Death,4539,198.533
1434,2023,Paris Paloma,Labour,4553,237.744
1435,2023,George Ezra,Green Green Grass,4584,167.613
1436,2023,Metallica,Lux Aeterna,4584,205.679
1437,2023,Kenshi Yonezu,Kick Back,4604,193.495
1438,2023,Lana Del Rey,A&W,4618,433.916
1439,2023,Maneskin,The Loneliest,4643,247.067
1440,2023,Beach Weather,"Sex, Drugs, Etc.",4645,196.784
1441,2023,Avril Lavigne With YUNGBLUD,I'm A Mess,4661,195.519
1442,2023,Lana Del Rey,Say Yes To Heaven,4695,209.156
1443,2023,Bad Omens,The Death Of Peace Of Mind,4698,241.499
1444,2023,Imagine Dragons,Bones,4700,165.264
1445,2023,Noah Kahan,Homesick,4708,194.416
1446,2023,Blink-182,Edging,4727,151.533
1447,2023,Noah Kahan,Stick Season,4745,182.346
1448,2023,Linkin Park,Fighting Myself,4749,201.428
1449,2023,Melanie Martinez,The Contortionist,4752,200.696
1450,2023,The 1975,About You,4758,326.49
1451,2023,Jelly Roll,Son Of A Sinner,4772,232.093
1452,2023,Gorillaz Featuring Bad Bunny,Tormenta,4794,193.463
1453,2023,Diplo Presents Thomas Wesley Featuring Kodak Black & Koe Wetzel,Wasted,4798,178.52
1454,2023,Paramore,This Is Why,4802,207.133
1455,2023,Melanie Martinez,Nymphology,4825,306.931
1456,2023,Daisy Jones & The Six,Look At Us Now (Honeycomb),4867,332.386
1457,2023,Billie Eilish,Hotline (Edit),4873,60.719
1458,2023,All Time Low,Sleepwalking,4873,230.093
1459,2023,Dominic Fike,Mona Lisa,4889,186.066
1460,2023,boygenius,Cool About It,4889,180.0
1461,2023,Billie Eilish,TV,4905,281.38
1462,2023,Noah Kahan,Orange Juice,4905,297.103
1463,2023,Noah Kahan,All My Love,4916,251.51
1464,2023,Jelly Roll,Halfway To Hell,4928,178.44
1465,2023,Lynyrd Skynyrd,Simple Man,4935,356.626
1466,2023,HARDY,Sold Out,4936,202.912
1467,2023,Metallica,72 Seasons,4941,459.12
1468,2023,Melanie Martinez,Tunnel Vision,4961,268.186
1469,2023,Ghost,Mary On A Cross,4962,244.804
1470,2023,Noah Kahan,Dial Drunk,4963,213.817
1471,2023,The 1975,I'm In Love With You,4968,262.623
1472,2023,Radiohead,Creep,4969,221.52
1473,2023,Noah Kahan,Northern Attitude,4971,267.256
1474,2023,Florence + The Machine,Dog Days Are Over,4978,251.84
1475,2023,TALK,Run Away To Mars,4978,213.753
1476,2023,Noah Kahan,You're Gonna Go Far,4988,177.826
1477,2023,Melanie Martinez,Spider Web,4988,183.974
1478,2023,Zach Bryan,Oklahoma Smoke Show,4989,211.739
1479,2023,Gracie Abrams,I Know It Won't Work,4994,245.629
1480,2023,Zach Williams,Heart Of God,4997,234.493
1481,2023,Avenged Sevenfold,Nobody,4999,180.853
1482,2023,Noah Kahan,The View Between Villages,5008,292.903
1483,2023,Noah Kahan,Call Your Mom,5009,278.67
1484,2023,Noah Kahan,No Complaints,5017,205.432
1485,2023,Conan Gray,Never Ending Song,5033,155.202
